indicator,stock,years,mapped,status,n_zero,partialR_zero,exploratory_lag,partialR_best,q
purchase,015760,10,True,안정적 시차 미확인,116,-0.022651504462081033,-2,-0.10091578371859737,0.5527545029682984
purchase,036460,10,False,안정적 시차 미확인,116,0.009162727911949088,6,-0.15674122355015735,0.5325958892493821
purchase,071320,10,False,안정적 시차 미확인,116,-0.08060389532580016,6,-0.14392596913091824,0.16794602221616534
purchase,018670,10,False,재검토할 연관성,116,-0.042078953048978934,5,-0.16544035762412504,0.023204869080041306
purchase,017940,10,False,안정적 시차 미확인,118,0.027899000807111704,9,0.16772430537342778,0.16305394711800447
purchase,005090,10,False,안정적 시차 미확인,66,-0.05269996729277258,6,-0.20160076153060116,0.3101708158527083
purchase,047050,10,False,안정적 시차 미확인,115,0.08417823858720806,9,0.3131162995047342,0.5078102139663646
purchase,004690,10,False,안정적 시차 미확인,118,0.31934169927194733,1,0.3572335548764865,0.06110742965156528
purchase,017390,10,False,안정적 시차 미확인,118,0.21129936120743445,-6,0.3448606621330696,0.42150583204184855
purchase,034590,10,False,안정적 시차 미확인,118,0.14248291671352095,-1,0.1755946251995339,0.5063545226918937
purchase,001120,10,False,안정적 시차 미확인,116,0.028870252225952624,-1,0.14992880622810834,0.37393653874240795
gas_sales,015760,10,True,안정적 시차 미확인,117,0.035928682072254706,9,0.17524281348014945,0.48868672313960504
gas_sales,036460,10,True,재검토할 연관성,117,0.11972307573826942,-1,0.2119202887885539,0.028481929198742508
gas_sales,071320,10,False,안정적 시차 미확인,117,-0.044195874886099266,4,-0.15890867902068764,0.46633980755257387
gas_sales,018670,10,True,안정적 시차 미확인,117,-0.04532699830040595,10,-0.13638157795356817,0.573249587025087
gas_sales,017940,10,False,안정적 시차 미확인,119,0.032947222618782517,-2,0.21512239170108988,0.42150583204184855
gas_sales,005090,10,False,안정적 시차 미확인,67,-0.09713024414088532,1,0.1544598415840798,0.6220352250433823
gas_sales,047050,10,True,안정적 시차 미확인,116,0.007803115919268046,4,-0.1318453061063653,0.6136215245478789
gas_sales,004690,10,False,안정적 시차 미확인,119,0.09135449413420711,12,0.21257557696179574,0.49106706263150646
gas_sales,017390,10,False,안정적 시차 미확인,119,0.18348069691507446,1,0.25793401141800826,0.4693719065143889
gas_sales,034590,10,False,안정적 시차 미확인,119,0.04173743684350775,-1,0.20804862535252172,0.40440476085589855
gas_sales,001120,10,False,안정적 시차 미확인,117,-0.08716192641756768,-4,0.1890719765991157,0.45567197622926964
jkm_futures,015760,10,True,안정적 시차 미확인,118,-0.018379643133549024,1,-0.15762759166497864,0.4699332582187551
jkm_futures,036460,10,True,안정적 시차 미확인,118,0.14921872570646455,8,0.17579547397519743,0.5069101306221415
jkm_futures,071320,10,False,안정적 시차 미확인,118,-0.04698565295081586,5,0.14279933072236403,0.40929291768171205
jkm_futures,018670,10,True,안정적 시차 미확인,118,0.09380318284585193,-1,0.1678955432279128,0.37563846384733196
jkm_futures,017940,10,False,안정적 시차 미확인,120,0.03373869075085785,3,-0.2236901134368998,0.12245265402354925
jkm_futures,005090,10,False,안정적 시차 미확인,68,0.14795693852040515,-1,0.33966483057884744,0.6647376715437346
jkm_futures,047050,10,True,안정적 시차 미확인,116,0.039521250306225574,11,0.2175781360186588,0.5728223478483269
jkm_futures,004690,10,False,안정적 시차 미확인,120,-0.026076268714407297,-5,-0.22467851380569293,0.49032569583708696
jkm_futures,017390,10,False,안정적 시차 미확인,120,0.07068018857051853,-5,-0.2562048636510951,0.4639029480149005
jkm_futures,034590,10,False,안정적 시차 미확인,120,0.12164670413813541,-1,0.20001524475706456,0.41506948793209636
jkm_futures,001120,10,False,안정적 시차 미확인,118,0.10505018914198781,-4,0.16787803777879398,0.6100338102802819
jkm,015760,10,True,검증 불가,,,,,
jkm,036460,10,True,검증 불가,,,,,
jkm,071320,10,False,검증 불가,,,,,
jkm,018670,10,True,검증 불가,,,,,
jkm,017940,10,False,검증 불가,,,,,
jkm,005090,10,False,검증 불가,,,,,
jkm,047050,10,True,검증 불가,,,,,
jkm,004690,10,False,검증 불가,,,,,
jkm,017390,10,False,검증 불가,,,,,
jkm,034590,10,False,검증 불가,,,,,
jkm,001120,10,False,검증 불가,,,,,
coal,015760,10,True,안정적 시차 미확인,118,0.04380259534626387,12,-0.2602182285104089,0.16794602221616534
coal,036460,10,False,재검토할 연관성,118,0.07053411863576785,-1,0.23002413214261438,0.018427054909072562
coal,071320,10,False,안정적 시차 미확인,118,0.008908601516210873,12,-0.23818572136804445,0.40678865957268895
coal,018670,10,False,안정적 시차 미확인,118,0.029177054387912797,11,-0.19156951129214653,0.2730870816417266
coal,017940,10,False,안정적 시차 미확인,120,-0.003942477875661645,12,-0.18785362152390897,0.341813947525852
coal,005090,10,True,안정적 시차 미확인,68,0.10660841838710357,-1,0.2585110169232857,0.4399902626917025
coal,047050,10,False,안정적 시차 미확인,116,-0.00748280692155059,5,-0.24925430400791238,0.7062524504723182
coal,004690,10,False,안정적 시차 미확인,120,0.06496910371169362,2,0.2980192994581941,0.5741828363263914
coal,017390,10,False,안정적 시차 미확인,120,0.07850733090272538,2,0.31647511068821643,0.6174422997277229
coal,034590,10,False,재검토할 연관성,120,0.06972932526910806,-1,0.2944005797108992,0.03812444923683238
coal,001120,10,True,안정적 시차 미확인,118,0.00825891843349789,-1,0.19476518427257056,0.55300200802806
dubai,015760,10,True,재검토할 연관성,113,-0.22906482744257006,-2,0.28851135392535016,0.00040381673404892433
dubai,036460,10,True,안정적 시차 미확인,113,-0.02192289666375596,-1,0.26320270028881576,0.17918154060320063
dubai,071320,10,False,안정적 시차 미확인,113,-0.1254755800550429,1,-0.18490846887752574,0.17507954286219138
dubai,018670,10,True,안정적 시차 미확인,113,0.11285279735925029,11,-0.2142448946209197,0.5232366599801043
dubai,017940,10,False,재검토할 연관성,115,0.07764639033025852,-1,0.46144005580793623,0.01211223369910449
dubai,005090,10,False,안정적 시차 미확인,67,0.3182967427734588,-1,0.6803939975564196,0.14413336935042925
dubai,047050,10,True,안정적 시차 미확인,112,0.08607369509053124,-1,0.22027237844232797,0.1761089508356947
dubai,004690,10,False,안정적 시차 미확인,115,-0.0473523389970675,-1,0.1828096956847696,0.28478043289443594
dubai,017390,10,False,안정적 시차 미확인,115,-0.047553838601679464,4,0.2534839573682757,0.25183716982687393
dubai,034590,10,False,재검토할 연관성,115,0.04391778463324036,-1,0.4715169384747391,0.00021315135416378773
dubai,001120,10,False,재검토할 연관성,113,0.050851788708153725,-1,0.3622831996631603,0.04417080406011047
ttf,015760,10,False,안정적 시차 미확인,118,0.0246491782728657,7,-0.19201260248766183,0.4918141086614159
ttf,036460,10,True,안정적 시차 미확인,118,0.18348719220934406,-3,0.19373113910085957,0.38673290316936343
ttf,071320,10,False,안정적 시차 미확인,118,-0.009798977274694549,2,-0.12651233574231097,0.612516575883561
ttf,018670,10,True,안정적 시차 미확인,118,0.1140621728215493,3,-0.13398023650106555,0.5888641316181216
ttf,017940,10,False,안정적 시차 미확인,120,0.0561244173499721,3,-0.1780226938536286,0.4587937710260819
ttf,005090,10,False,안정적 시차 미확인,68,0.09765098727647425,-1,0.2904736827428472,0.6709617936429233
ttf,047050,10,True,안정적 시차 미확인,116,0.013418270120928048,12,0.20116851695683047,0.6830413295241361
ttf,004690,10,False,안정적 시차 미확인,120,-0.02640334133458919,6,0.2803703121078907,0.49344336180706966
ttf,017390,10,False,안정적 시차 미확인,120,0.05635207494559207,3,0.3305178473393238,0.5458294542757979
ttf,034590,10,False,안정적 시차 미확인,120,0.12552927674870196,1,0.22558312102570618,0.5445944088853235
ttf,001120,10,False,안정적 시차 미확인,118,0.09719392032939742,-6,0.19934620673392012,0.5307464614026871
lpg_cp,015760,10,False,검증 불가,,,,,
lpg_cp,036460,10,False,검증 불가,,,,,
lpg_cp,071320,10,False,검증 불가,,,,,
lpg_cp,018670,10,True,검증 불가,,,,,
lpg_cp,017940,10,True,검증 불가,,,,,
lpg_cp,005090,10,False,검증 불가,,,,,
lpg_cp,047050,10,False,검증 불가,,,,,
lpg_cp,004690,10,False,검증 불가,,,,,
lpg_cp,017390,10,False,검증 불가,,,,,
lpg_cp,034590,10,False,검증 불가,,,,,
lpg_cp,001120,10,False,검증 불가,,,,,
smp,015760,10,True,안정적 시차 미확인,118,-0.06859740313890372,-3,0.17067751208282503,0.44747642395838516
smp,036460,10,False,안정적 시차 미확인,118,0.05443952720678428,-2,0.19812102034038181,0.5069101306221415
smp,071320,10,True,안정적 시차 미확인,118,-0.07058701475731644,12,-0.13439209859408177,0.607772815945677
smp,018670,10,True,안정적 시차 미확인,118,-0.037241104600516904,5,-0.23047355727467994,0.34522477689728853
smp,017940,10,False,안정적 시차 미확인,120,0.00495761329056892,-2,-0.15412877854480297,0.607772815945677
smp,005090,10,True,안정적 시차 미확인,68,0.17648825876794572,-5,0.19819214085967832,0.7841548904102027
smp,047050,10,True,안정적 시차 미확인,116,0.10076038614106214,3,-0.27590432782601204,0.5961265439732191
smp,004690,10,False,안정적 시차 미확인,120,0.1264872128979403,11,0.36869774953052203,0.45567197622926964
smp,017390,10,False,안정적 시차 미확인,120,0.15749705982243709,11,0.3199454516941606,0.568130530557295
smp,034590,10,False,안정적 시차 미확인,120,0.17852772952841575,9,0.25854894852725957,0.2874865089435813
smp,001120,10,False,안정적 시차 미확인,118,0.11012666390471879,9,0.1835909292570922,0.39274018023822477
gas_power,015760,10,True,검증 불가,,,,,
gas_power,036460,10,True,검증 불가,,,,,
gas_power,071320,10,True,검증 불가,,,,,
gas_power,018670,10,False,검증 불가,,,,,
gas_power,017940,10,False,검증 불가,,,,,
gas_power,005090,10,False,검증 불가,,,,,
gas_power,047050,10,False,검증 불가,,,,,
gas_power,004690,10,False,검증 불가,,,,,
gas_power,017390,10,False,검증 불가,,,,,
gas_power,034590,10,False,검증 불가,,,,,
gas_power,001120,10,False,검증 불가,,,,,
gas_chp,015760,10,False,검증 불가,,,,,
gas_chp,036460,10,False,검증 불가,,,,,
gas_chp,071320,10,True,검증 불가,,,,,
gas_chp,018670,10,False,검증 불가,,,,,
gas_chp,017940,10,False,검증 불가,,,,,
gas_chp,005090,10,False,검증 불가,,,,,
gas_chp,047050,10,False,검증 불가,,,,,
gas_chp,004690,10,False,검증 불가,,,,,
gas_chp,017390,10,False,검증 불가,,,,,
gas_chp,034590,10,False,검증 불가,,,,,
gas_chp,001120,10,False,검증 불가,,,,,
tariff,015760,10,True,안정적 시차 미확인,116,0.03292924034121373,7,0.106854724832415,0.4072556317551867
tariff,036460,10,False,안정적 시차 미확인,116,-0.09968260072563444,12,0.1890284239801025,0.5390731452350614
tariff,071320,10,False,안정적 시차 미확인,116,0.010491502728769798,11,0.25713968993695163,0.16794602221616534
tariff,018670,10,False,안정적 시차 미확인,116,0.04678769852832076,6,0.11763282249803418,0.39239010871224944
tariff,017940,10,False,안정적 시차 미확인,118,0.08941585218035684,6,0.14169541739248695,0.07130634808041138
tariff,005090,10,False,안정적 시차 미확인,66,-0.13926087651813576,-6,-0.2061636947163482,0.5266415561476676
tariff,047050,10,False,안정적 시차 미확인,115,0.1778219170461369,4,0.2502198461524549,0.6174598961538749
tariff,004690,10,False,안정적 시차 미확인,118,-0.06847431451600759,-6,0.21754372403220973,0.6870931757717982
tariff,017390,10,False,안정적 시차 미확인,118,-0.2399051442320584,3,-0.30711723653536543,0.5114297209869381
tariff,034590,10,False,안정적 시차 미확인,118,-0.07606046347890635,1,-0.09170119424210561,0.6824349656889636
tariff,001120,10,False,안정적 시차 미확인,116,-0.028697396804986824,-5,0.06775897870029754,0.8160482772756869
receivable,015760,10,False,검증 불가,,,,,
receivable,036460,10,True,검증 불가,,,,,
receivable,071320,10,False,검증 불가,,,,,
receivable,018670,10,False,검증 불가,,,,,
receivable,017940,10,False,검증 불가,,,,,
receivable,005090,10,False,검증 불가,,,,,
receivable,047050,10,False,검증 불가,,,,,
receivable,004690,10,False,검증 불가,,,,,
receivable,017390,10,False,검증 불가,,,,,
receivable,034590,10,False,검증 불가,,,,,
receivable,001120,10,False,검증 불가,,,,,
peak,015760,10,True,안정적 시차 미확인,118,0.03397760734193518,10,-0.11034528829457275,0.6598494703895412
peak,036460,10,True,안정적 시차 미확인,118,0.02642982287748418,2,0.21060834329802716,0.4756304344218141
peak,071320,10,True,안정적 시차 미확인,118,-0.06599802776081959,11,-0.17394781121809758,0.48598643169547784
peak,018670,10,True,안정적 시차 미확인,118,-0.09049154052510067,10,-0.13497173117929948,0.6231023967836863
peak,017940,10,False,안정적 시차 미확인,120,-0.0030539919961976294,-2,0.22129928980865982,0.40929291768171205
peak,005090,10,False,안정적 시차 미확인,68,-0.13236785041186708,11,-0.18421864095785356,0.4228047975106894
peak,047050,10,True,안정적 시차 미확인,116,-0.03249225509569715,-4,0.1596110974261276,0.5284650130955972
peak,004690,10,False,안정적 시차 미확인,120,0.12633364305735612,3,0.22639982168208775,0.4552429083483966
peak,017390,10,False,안정적 시차 미확인,120,0.07348347914124068,1,0.22430667562120254,0.4894318085373696
peak,034590,10,False,안정적 시차 미확인,120,0.0744325913243202,-1,0.21277630755343727,0.39562680528619504
peak,001120,10,False,안정적 시차 미확인,118,-0.05012497724895227,-4,0.2711384996653831,0.20114242032160928
reserve,015760,10,True,안정적 시차 미확인,118,-0.06156716030937639,7,0.19255230109392396,0.5560602019946226
reserve,036460,10,True,안정적 시차 미확인,118,-0.05070117837504452,-5,0.23667992831712234,0.37567793260074167
reserve,071320,10,False,안정적 시차 미확인,118,0.10568174096078016,-4,-0.13446565791157022,0.5900105814484284
reserve,018670,10,True,안정적 시차 미확인,118,0.037631929031597025,-3,0.1545069750960486,0.45204299790336727
reserve,017940,10,False,안정적 시차 미확인,120,-0.08654055260179166,-5,0.20568357479727656,0.4492321584062696
reserve,005090,10,False,안정적 시차 미확인,68,-0.003970788899882252,5,0.18552906513635575,0.7213073507504192
reserve,047050,10,True,안정적 시차 미확인,116,0.02189914523763413,-5,0.18309004902840184,0.46833436084936536
reserve,004690,10,False,안정적 시차 미확인,120,-0.023148074814458252,4,0.1198620114244804,0.4029002574526219
reserve,017390,10,False,안정적 시차 미확인,120,0.11746956364592383,3,-0.1871571324033173,0.5870948534900421
reserve,034590,10,False,안정적 시차 미확인,120,0.09398459637597831,-1,-0.19925959429018045,0.37563846384733196
reserve,001120,10,False,안정적 시차 미확인,118,0.08270560331354347,-4,-0.24755058365943572,0.4027046545473959
consumption,015760,10,True,안정적 시차 미확인,116,-0.06848753713919918,-4,-0.13682148169137714,0.5660684431909836
consumption,036460,10,True,재검토할 연관성,116,-0.02016432041165403,-2,0.3114693216711281,0.013989401975603595
consumption,071320,10,True,안정적 시차 미확인,116,-0.10059863195264387,10,-0.23798452037549714,0.294470799674087
consumption,018670,10,True,안정적 시차 미확인,116,-0.09345100494640694,9,-0.15058025197265876,0.44792436385462153
consumption,017940,10,False,안정적 시차 미확인,118,-0.06378789595085639,-2,0.22753321967780554,0.2903054803546627
consumption,005090,10,False,안정적 시차 미확인,66,-0.03630303187557902,4,-0.24368335509783307,0.611102852679993
consumption,047050,10,True,안정적 시차 미확인,115,-0.07320898420838186,12,0.19302635168089896,0.4929648510112328
consumption,004690,10,False,안정적 시차 미확인,118,0.15531564243104445,7,0.2734880980914896,0.20532585822423183
consumption,017390,10,False,안정적 시차 미확인,118,0.1940490691058199,-2,0.2314115218439649,0.2419710817113131
consumption,034590,10,False,안정적 시차 미확인,118,0.08051928696112638,-2,0.2295898655627635,0.41132172331330663
consumption,001120,10,False,안정적 시차 미확인,116,-0.09735278635077965,-5,0.24407220261713158,0.12045667221225508
nuclear,015760,10,True,검증 불가,,,,,
nuclear,036460,10,True,검증 불가,,,,,
nuclear,071320,10,False,검증 불가,,,,,
nuclear,018670,10,True,검증 불가,,,,,
nuclear,017940,10,False,검증 불가,,,,,
nuclear,005090,10,False,검증 불가,,,,,
nuclear,047050,10,True,검증 불가,,,,,
nuclear,004690,10,False,검증 불가,,,,,
nuclear,017390,10,False,검증 불가,,,,,
nuclear,034590,10,False,검증 불가,,,,,
nuclear,001120,10,False,검증 불가,,,,,
temperature,015760,10,False,안정적 시차 미확인,107,-0.041789293477889,6,0.165711676120878,0.4377454485436535
temperature,036460,10,False,안정적 시차 미확인,107,-0.04971586288909123,3,-0.2361305974130872,0.3430853282382784
temperature,071320,10,True,안정적 시차 미확인,107,-0.006772737916988077,3,-0.18727216638567337,0.5531667690024205
temperature,018670,10,False,안정적 시차 미확인,107,0.04051211438802611,-4,0.2074180061900272,0.4552429083483966
temperature,017940,10,False,안정적 시차 미확인,109,-0.03221354673988721,3,-0.22286011557882568,0.24612760027620467
temperature,005090,10,False,안정적 시차 미확인,68,0.16253310140902627,1,-0.2970158411269915,0.5660561767108477
temperature,047050,10,False,안정적 시차 미확인,105,-0.163306230934673,1,-0.23202538946409404,0.13838512778218584
temperature,004690,10,True,안정적 시차 미확인,109,-0.024273419295091907,3,-0.2541919224955129,0.312936299943879
temperature,017390,10,True,안정적 시차 미확인,109,-0.07046366730959155,3,-0.1892295091440047,0.3451815633747299
temperature,034590,10,True,안정적 시차 미확인,109,-0.07618524677287013,1,-0.2174562058728154,0.28478043289443594
temperature,001120,10,False,안정적 시차 미확인,107,-0.22557954658581741,0,-0.22557954658581741,0.25943723598041873
usdkrw,015760,10,True,안정적 시차 미확인,118,-0.20388381581920795,-5,0.2954356092707264,0.15278357861530154
usdkrw,036460,10,True,안정적 시차 미확인,118,-0.1437620235181973,-4,0.2321942810005419,0.17918154060320063
usdkrw,071320,10,True,안정적 시차 미확인,118,-0.23553716034522681,0,-0.23553716034522681,0.3548918347833874
usdkrw,018670,10,True,재검토할 연관성,118,-0.03150342436759057,10,-0.3111175898755214,0.025668079774956328
usdkrw,017940,10,True,안정적 시차 미확인,120,-0.23810609315473405,0,-0.23810609315473405,0.1912362953201641
usdkrw,005090,10,True,안정적 시차 미확인,68,-0.18423312011450535,9,-0.26905444171955784,0.6408424602680275
usdkrw,047050,10,True,안정적 시차 미확인,116,-0.18799265217953093,6,-0.3408461363879246,0.40440476085589855
usdkrw,004690,10,True,안정적 시차 미확인,120,-0.16986363537290824,4,0.4158775749630248,0.1761089508356947
usdkrw,017390,10,True,안정적 시차 미확인,120,-0.13283811712972715,5,0.30002983346013984,0.6197029603046871
usdkrw,034590,10,True,안정적 시차 미확인,120,-0.12631418953784218,10,-0.23120848778372985,0.4160633442646279
usdkrw,001120,10,True,안정적 시차 미확인,118,-0.19296063863338409,6,-0.20341014170041688,0.28090792525353575
kr3y,015760,10,True,안정적 시차 미확인,118,-0.09856044838258493,10,-0.20976274836625433,0.42150583204184855
kr3y,036460,10,True,안정적 시차 미확인,118,-0.13452269033767156,5,-0.15000280020608897,0.4977970090110488
kr3y,071320,10,True,안정적 시차 미확인,118,-0.1044116932190578,1,-0.2075791926819882,0.5136938513439273
kr3y,018670,10,True,안정적 시차 미확인,118,0.032441260661944145,-3,-0.24211344447682917,0.08500874540025995
kr3y,017940,10,True,안정적 시차 미확인,120,-0.06951475092783178,-3,-0.12001338191137861,0.4341094278621931
kr3y,005090,10,True,안정적 시차 미확인,68,-0.033243051095384994,3,0.1692366387591542,0.7166364397561753
kr3y,047050,10,True,안정적 시차 미확인,116,-0.07470496490154337,10,0.33538599383243745,0.48103047764839807
kr3y,004690,10,True,안정적 시차 미확인,120,0.09470237892966751,5,0.2726509677815903,0.5445944088853235
kr3y,017390,10,True,안정적 시차 미확인,120,0.07962934945544782,5,0.27703492485397785,0.5619882899365896
kr3y,034590,10,True,안정적 시차 미확인,120,-0.06898055346828573,3,0.2644491191348665,0.27346733224827835
kr3y,001120,10,True,안정적 시차 미확인,118,-0.03513099660191365,11,-0.18824275982505506,0.3153439606696673
credit,015760,10,True,검증 불가,,,,,
credit,036460,10,True,검증 불가,,,,,
credit,071320,10,True,검증 불가,,,,,
credit,018670,10,True,검증 불가,,,,,
credit,017940,10,True,검증 불가,,,,,
credit,005090,10,True,검증 불가,,,,,
credit,047050,10,True,검증 불가,,,,,
credit,004690,10,True,검증 불가,,,,,
credit,017390,10,True,검증 불가,,,,,
credit,034590,10,True,검증 불가,,,,,
credit,001120,10,True,검증 불가,,,,,
us10y,015760,10,True,안정적 시차 미확인,118,-0.05058994679122304,12,0.1923835506780959,0.42150583204184855
us10y,036460,10,True,안정적 시차 미확인,118,-0.04273425014931762,4,0.19739460485687968,0.48868672313960504
us10y,071320,10,True,안정적 시차 미확인,118,0.034457440941457626,4,0.2552886364070829,0.45567197622926964
us10y,018670,10,True,안정적 시차 미확인,118,0.1488989986311647,-3,-0.1743292424343673,0.28635098886221516
us10y,017940,10,True,안정적 시차 미확인,120,0.11130360375954507,7,0.21210233442789192,0.43718709294031866
us10y,005090,10,True,안정적 시차 미확인,68,-0.08369231916462862,-6,0.1611253481101383,0.5307464614026871
us10y,047050,10,True,안정적 시차 미확인,116,-0.045285016127488725,10,0.2675825431746181,0.581917605498801
us10y,004690,10,True,안정적 시차 미확인,120,0.19011905926863298,4,0.23332313415207687,0.4370607609617819
us10y,017390,10,True,안정적 시차 미확인,120,0.10464180317809667,12,-0.21059253145153484,0.6929732033450526
us10y,034590,10,True,안정적 시차 미확인,120,0.08374069650436698,-1,0.22484676665086611,0.45909031118614063
us10y,001120,10,True,안정적 시차 미확인,118,0.005387156606879171,-1,0.16538843496419833,0.5870948534900421
hh,015760,10,False,안정적 시차 미확인,118,0.04462514148568379,-2,0.19282658594065355,0.6752619327440273
hh,036460,10,True,안정적 시차 미확인,118,0.13129384990959442,9,-0.21034952757022818,0.1933731804129753
hh,071320,10,False,안정적 시차 미확인,118,-0.04985718264930301,-4,0.2118275343916526,0.42150583204184855
hh,018670,10,True,안정적 시차 미확인,118,0.004936912962073539,11,-0.21488916248979328,0.4228047975106894
hh,017940,10,False,안정적 시차 미확인,120,-0.027765456644586416,-6,0.22609898318182253,0.5524738990026589
hh,005090,10,False,안정적 시차 미확인,68,-0.3432536971186856,0,-0.3432536971186856,0.6952752023517756
hh,047050,10,True,안정적 시차 미확인,116,0.18676669499923998,6,-0.22796572524937384,0.6174422997277229
hh,004690,10,False,안정적 시차 미확인,120,-0.017239999059325696,3,0.29139994754894594,0.4230379556510905
hh,017390,10,False,안정적 시차 미확인,120,0.042415572735018135,3,0.3160078812661086,0.5097609692288448
hh,034590,10,False,안정적 시차 미확인,120,0.04464852494092889,3,0.2275271846973256,0.09771958815281594
hh,001120,10,False,안정적 시차 미확인,118,-0.030109928448718005,7,0.17811384161809746,0.6475038709782908
brent,015760,10,True,재검토할 연관성,118,-0.18633329240529803,8,-0.29276514324780334,0.0053534438129001485
brent,036460,10,True,재검토할 연관성,118,0.01961333656718292,1,-0.27069587914460674,0.002976016720601993
brent,071320,10,False,재검토할 연관성,118,-0.09404935027016428,1,-0.2301496128631862,0.003900832270373309
brent,018670,10,True,안정적 시차 미확인,118,0.10624046714149574,-1,0.25538789236573606,0.13220183544209754
brent,017940,10,False,재검토할 연관성,120,0.08817247359513491,-1,0.4477193801298367,0.014774052685051322
brent,005090,10,False,안정적 시차 미확인,68,0.19513527248903334,-1,0.6022420181384,0.45567197622926964
brent,047050,10,True,안정적 시차 미확인,116,0.08511691664593182,-1,0.2203934618797056,0.150951412399825
brent,004690,10,False,안정적 시차 미확인,120,-0.04168168999235577,-1,0.1997820539493811,0.3451815633747299
brent,017390,10,False,안정적 시차 미확인,120,-0.03932059903881228,4,0.2760947667992415,0.09520809024014604
brent,034590,10,False,재검토할 연관성,120,0.033402625165583656,-1,0.4486114792686914,0.00046556127600057425
brent,001120,10,False,재검토할 연관성,118,0.019544313029382743,-1,0.4048584730762309,0.013169500139337455
rec,015760,10,False,검증 불가,,,,,
rec,036460,10,False,검증 불가,,,,,
rec,071320,10,False,검증 불가,,,,,
rec,018670,10,False,검증 불가,,,,,
rec,017940,10,False,검증 불가,,,,,
rec,005090,10,True,검증 불가,,,,,
rec,047050,10,False,검증 불가,,,,,
rec,004690,10,False,검증 불가,,,,,
rec,017390,10,False,검증 불가,,,,,
rec,034590,10,False,검증 불가,,,,,
rec,001120,10,False,검증 불가,,,,,
kau,015760,10,True,검증 불가,0,,,,
kau,036460,10,False,검증 불가,0,,,,
kau,071320,10,True,검증 불가,0,,,,
kau,018670,10,False,검증 불가,0,,,,
kau,017940,10,False,검증 불가,0,,,,
kau,005090,10,True,검증 불가,0,,,,
kau,047050,10,False,검증 불가,0,,,,
kau,004690,10,False,검증 불가,0,,,,
kau,017390,10,False,검증 불가,0,,,,
kau,034590,10,False,검증 불가,0,,,,
kau,001120,10,False,검증 불가,0,,,,
rec_monthly,015760,10,False,안정적 시차 미확인,107,0.0009148464827106504,10,0.15206641608998347,0.5307464614026871
rec_monthly,036460,10,False,안정적 시차 미확인,107,0.14909005169160838,-6,-0.3104478943582891,0.1982255429776355
rec_monthly,071320,10,False,안정적 시차 미확인,107,0.03285603611558911,-5,0.11191846280532153,0.45801807931927385
rec_monthly,018670,10,False,안정적 시차 미확인,107,-0.008463352506579832,-5,0.2747275313031939,0.16794602221616534
rec_monthly,017940,10,False,안정적 시차 미확인,109,0.047288355693838796,4,0.21957303429214375,0.15278357861530154
rec_monthly,005090,10,True,안정적 시차 미확인,59,-0.09729016747213327,-3,-0.3473109092514292,0.03994795699946166
rec_monthly,047050,10,False,안정적 시차 미확인,106,0.15605525261026826,0,0.15605525261026826,0.3398347214639075
rec_monthly,004690,10,False,안정적 시차 미확인,109,0.015089007112101382,4,0.24323269545709506,0.3430853282382784
rec_monthly,017390,10,False,안정적 시차 미확인,109,-0.06152028332541112,4,0.16720264408650584,0.3000618614604427
rec_monthly,034590,10,False,안정적 시차 미확인,109,0.06165134305089947,3,0.21833378066374196,0.4552429083483966
rec_monthly,001120,10,False,안정적 시차 미확인,107,0.005531663387642334,-6,-0.23210938708159165,0.5484032696460609
purchase,015760,5,True,안정적 시차 미확인,56,-0.08656642175067089,-2,-0.16792851180621884,0.4587937710260819
purchase,036460,5,False,안정적 시차 미확인,56,-0.05173148246897419,5,-0.2118277483122211,0.3115266424532291
purchase,071320,5,False,안정적 시차 미확인,56,-0.14588224460902588,6,-0.2019275638290054,0.21065476404767144
purchase,018670,5,False,안정적 시차 미확인,56,-0.18628878742363472,-3,-0.24273666214983985,0.2698664765420661
purchase,017940,5,False,안정적 시차 미확인,58,-0.11116538678089666,-3,-0.3020693974642783,0.10993677113792068
purchase,005090,5,False,안정적 시차 미확인,56,-0.054982179916352944,6,-0.18667164196009253,0.45567197622926964
purchase,047050,5,False,안정적 시차 미확인,55,0.08444612296696541,9,0.36873025547777716,0.4811578416070426
purchase,004690,5,False,재검토할 연관성,58,0.31918387762963557,1,0.40818585496297966,0.028481929198742508
purchase,017390,5,False,안정적 시차 미확인,58,0.2788658951107605,2,0.33756257905734405,0.07907705773911325
purchase,034590,5,False,안정적 시차 미확인,58,0.11186989493833834,12,-0.1673237659192684,0.7244302746601604
purchase,001120,5,False,안정적 시차 미확인,56,0.05938676669940893,12,-0.1860191005912807,0.5107736024869104
gas_sales,015760,5,True,안정적 시차 미확인,57,0.06432263211707173,9,0.2812508593686972,0.5961265439732191
gas_sales,036460,5,True,안정적 시차 미확인,57,0.09287832352847854,4,-0.3416241713294973,0.4552429083483966
gas_sales,071320,5,False,안정적 시차 미확인,57,-0.024010080351751104,-6,0.24949171962431577,0.562293460177963
gas_sales,018670,5,True,안정적 시차 미확인,57,-0.21344977909142054,7,-0.31386659907034326,0.5080331110075611
gas_sales,017940,5,False,안정적 시차 미확인,59,-0.14972343589379758,9,0.3234431906069817,0.5307464614026871
gas_sales,005090,5,False,안정적 시차 미확인,57,-0.17884300013624446,6,-0.25245974010346633,0.5560602019946226
gas_sales,047050,5,True,안정적 시차 미확인,56,-0.10659742295219737,-5,-0.32437389272798844,0.5808824234479627
gas_sales,004690,5,False,안정적 시차 미확인,59,0.2019120815214426,1,0.3524691350863801,0.4900886811556161
gas_sales,017390,5,False,안정적 시차 미확인,59,0.21211243458282475,1,0.3276651443093767,0.6079111875136387
gas_sales,034590,5,False,안정적 시차 미확인,59,-0.1094030252127711,9,0.26196058053562654,0.5961265439732191
gas_sales,001120,5,False,안정적 시차 미확인,57,-0.08390166567026743,11,0.3760549085102469,0.4153151609597166
jkm_futures,015760,5,True,안정적 시차 미확인,58,-0.08988086639761975,1,-0.3078620262929238,0.10993677113792068
jkm_futures,036460,5,True,안정적 시차 미확인,58,0.12010784403206516,6,-0.19880168210785493,0.46828285648218465
jkm_futures,071320,5,False,안정적 시차 미확인,58,-0.09949721671250465,5,0.22844460032695643,0.07393879889262954
jkm_futures,018670,5,True,안정적 시차 미확인,58,0.032570982854996045,3,-0.2334860012961211,0.5625287708184652
jkm_futures,017940,5,False,안정적 시차 미확인,60,-0.046628545028874264,5,0.24733104646493825,0.4977970090110488
jkm_futures,005090,5,False,안정적 시차 미확인,58,0.17601910714720018,-1,0.36745527725372673,0.7165003406360145
jkm_futures,047050,5,True,안정적 시차 미확인,56,0.12437224732608033,11,0.298402765121717,0.6273371338969369
jkm_futures,004690,5,False,안정적 시차 미확인,60,-0.11332160814810681,-5,-0.3543638296418294,0.38646344059331705
jkm_futures,017390,5,False,안정적 시차 미확인,60,-0.06518679115566099,3,0.3705239071086592,0.5531667690024205
jkm_futures,034590,5,False,안정적 시차 미확인,60,0.06635487334539482,7,-0.333170694857556,0.31368729979848425
jkm_futures,001120,5,False,안정적 시차 미확인,58,0.15657965300121932,10,0.3827323568311248,0.23010828847483727
jkm,015760,5,True,검증 불가,,,,,
jkm,036460,5,True,검증 불가,,,,,
jkm,071320,5,False,검증 불가,,,,,
jkm,018670,5,True,검증 불가,,,,,
jkm,017940,5,False,검증 불가,,,,,
jkm,005090,5,False,검증 불가,,,,,
jkm,047050,5,True,검증 불가,,,,,
jkm,004690,5,False,검증 불가,,,,,
jkm,017390,5,False,검증 불가,,,,,
jkm,034590,5,False,검증 불가,,,,,
jkm,001120,5,False,검증 불가,,,,,
coal,015760,5,True,안정적 시차 미확인,58,0.03053782741866482,12,-0.36063680219666266,0.12573753371800298
coal,036460,5,False,안정적 시차 미확인,58,0.06796082326295375,12,-0.27945411106178497,0.5037959375017471
coal,071320,5,False,안정적 시차 미확인,58,0.021212303743439808,12,-0.3076556646313769,0.28090792525353575
coal,018670,5,False,안정적 시차 미확인,58,0.017181598284033518,-4,-0.3707275770897552,0.3132917581280979
coal,017940,5,False,안정적 시차 미확인,60,0.018969853453848246,-1,0.2608353321768421,0.34061539433505905
coal,005090,5,True,안정적 시차 미확인,58,0.09278163477854601,-1,0.2552491112654571,0.5418605540664952
coal,047050,5,False,안정적 시차 미확인,56,-0.015781221313459288,5,-0.3344292352518133,0.6837936472590452
coal,004690,5,False,안정적 시차 미확인,60,0.08602110089470404,2,0.44722625530205756,0.39562680528619504
coal,017390,5,False,안정적 시차 미확인,60,0.04870450312910022,2,0.4133502221604496,0.6136215245478789
coal,034590,5,False,안정적 시차 미확인,60,0.1344896683528723,-6,-0.4105683705445484,0.11519574146231287
coal,001120,5,True,안정적 시차 미확인,58,0.035602779655555146,-1,0.328576442850635,0.28115764519450737
dubai,015760,5,True,안정적 시차 미확인,57,-0.2669974326033902,-4,0.3051159095446683,0.37563846384733196
dubai,036460,5,True,재검토할 연관성,57,-0.14429240790064962,8,-0.26858529522424324,0.03278376274460461
dubai,071320,5,False,안정적 시차 미확인,57,-0.12403538672909473,10,0.2874617013038621,0.07249392389742719
dubai,018670,5,True,안정적 시차 미확인,57,0.25147882837220337,11,-0.3951205886807172,0.39274018023822477
dubai,017940,5,False,안정적 시차 미확인,59,-0.015777931188106057,-1,0.45787990456054034,0.08907846320886122
dubai,005090,5,False,안정적 시차 미확인,57,0.3238865101407935,-1,0.7018855725223075,0.12245265402354925
dubai,047050,5,True,안정적 시차 미확인,56,0.08301196822742074,-1,0.20955173756259748,0.5560602019946226
dubai,004690,5,False,안정적 시차 미확인,59,-0.0701331564151837,7,0.2826754783521757,0.28478043289443594
dubai,017390,5,False,안정적 시차 미확인,59,-0.09797340112946656,8,0.2847676458147161,0.532143217045186
dubai,034590,5,False,안정적 시차 미확인,59,-0.16391640783777964,-1,0.38142154212522744,0.07856367965055211
dubai,001120,5,False,안정적 시차 미확인,57,0.024329430963721435,11,-0.34458135726983713,0.4370607609617819
ttf,015760,5,False,안정적 시차 미확인,58,-0.01191150770164195,2,-0.2659680889917937,0.45962584162642106
ttf,036460,5,True,안정적 시차 미확인,58,0.15059474975952153,6,-0.2166926705578171,0.5560602019946226
ttf,071320,5,False,안정적 시차 미확인,58,-0.04058101788413398,2,-0.20149223232992886,0.5578423532813659
ttf,018670,5,True,안정적 시차 미확인,58,0.0858348677555115,9,-0.204635308841438,0.683737448955701
ttf,017940,5,False,안정적 시차 미확인,60,-0.055246963361091785,2,-0.2518441696720629,0.6598494703895412
ttf,005090,5,False,안정적 시차 미확인,58,0.0890941088796275,-1,0.2914679490987046,0.7117580043422714
ttf,047050,5,True,안정적 시차 미확인,56,0.034166089294025474,6,-0.4092702268621281,0.5080331110075611
ttf,004690,5,False,안정적 시차 미확인,60,-0.07300915254899508,-4,-0.3936702367533962,0.2613020190980828
ttf,017390,5,False,안정적 시차 미확인,60,-0.07245815322535096,3,0.45892108845389223,0.5136938513439273
ttf,034590,5,False,안정적 시차 미확인,60,0.09371053170790733,4,0.35884948591308263,0.3680139136418763
ttf,001120,5,False,안정적 시차 미확인,58,0.14281438869604687,-5,-0.3444548119694041,0.37563846384733196
lpg_cp,015760,5,False,검증 불가,,,,,
lpg_cp,036460,5,False,검증 불가,,,,,
lpg_cp,071320,5,False,검증 불가,,,,,
lpg_cp,018670,5,True,검증 불가,,,,,
lpg_cp,017940,5,True,검증 불가,,,,,
lpg_cp,005090,5,False,검증 불가,,,,,
lpg_cp,047050,5,False,검증 불가,,,,,
lpg_cp,004690,5,False,검증 불가,,,,,
lpg_cp,017390,5,False,검증 불가,,,,,
lpg_cp,034590,5,False,검증 불가,,,,,
lpg_cp,001120,5,False,검증 불가,,,,,
smp,015760,5,True,안정적 시차 미확인,58,-0.1755463437634543,-6,0.24691417829833137,0.5114297209869381
smp,036460,5,False,안정적 시차 미확인,58,0.03740146718569142,7,-0.24962643557493713,0.4399902626917025
smp,071320,5,True,안정적 시차 미확인,58,-0.09365809241618354,12,-0.18737012191757804,0.6072737486306228
smp,018670,5,True,재검토할 연관성,58,-0.23961720236759004,5,-0.42064765284678146,0.00021315135416378773
smp,017940,5,False,안정적 시차 미확인,60,0.06402172640040318,-5,-0.23381641954058613,0.5433305968049379
smp,005090,5,True,안정적 시차 미확인,58,0.1896715165897191,1,0.2131752010155724,0.6278007990259118
smp,047050,5,True,안정적 시차 미확인,56,0.11251867315896412,3,-0.33185291657520827,0.6496789278676396
smp,004690,5,False,안정적 시차 미확인,60,0.15793131526243692,11,0.4654886502303452,0.45567197622926964
smp,017390,5,False,안정적 시차 미확인,60,0.3078714569153804,11,0.4818518652986589,0.5114297209869381
smp,034590,5,False,안정적 시차 미확인,60,0.2978686853920585,9,0.32964177423954616,0.5136938513439273
smp,001120,5,False,안정적 시차 미확인,58,0.1519995377829471,3,-0.33360143593992386,0.0966085779371427
gas_power,015760,5,True,검증 불가,,,,,
gas_power,036460,5,True,검증 불가,,,,,
gas_power,071320,5,True,검증 불가,,,,,
gas_power,018670,5,False,검증 불가,,,,,
gas_power,017940,5,False,검증 불가,,,,,
gas_power,005090,5,False,검증 불가,,,,,
gas_power,047050,5,False,검증 불가,,,,,
gas_power,004690,5,False,검증 불가,,,,,
gas_power,017390,5,False,검증 불가,,,,,
gas_power,034590,5,False,검증 불가,,,,,
gas_power,001120,5,False,검증 불가,,,,,
gas_chp,015760,5,False,검증 불가,,,,,
gas_chp,036460,5,False,검증 불가,,,,,
gas_chp,071320,5,True,검증 불가,,,,,
gas_chp,018670,5,False,검증 불가,,,,,
gas_chp,017940,5,False,검증 불가,,,,,
gas_chp,005090,5,False,검증 불가,,,,,
gas_chp,047050,5,False,검증 불가,,,,,
gas_chp,004690,5,False,검증 불가,,,,,
gas_chp,017390,5,False,검증 불가,,,,,
gas_chp,034590,5,False,검증 불가,,,,,
gas_chp,001120,5,False,검증 불가,,,,,
tariff,015760,5,True,안정적 시차 미확인,56,-0.026272898929789797,-5,-0.18701884333065452,0.3292817461234193
tariff,036460,5,False,안정적 시차 미확인,56,-0.10325249195243157,11,0.30190146575133053,0.27590904589564935
tariff,071320,5,False,안정적 시차 미확인,56,-0.055699250555998135,-6,-0.2438080198913502,0.312936299943879
tariff,018670,5,False,안정적 시차 미확인,56,0.13743409427862963,6,0.14346946489753204,0.4790954412555528
tariff,017940,5,False,안정적 시차 미확인,58,0.14829411996374148,6,0.21625477115625058,0.14226976860281124
tariff,005090,5,False,안정적 시차 미확인,56,-0.12053671727255053,-3,-0.15421608527175723,0.6496789278676396
tariff,047050,5,False,안정적 시차 미확인,55,0.2026244025896738,3,0.28636492858184565,0.47437861377295837
tariff,004690,5,False,안정적 시차 미확인,58,-0.14555288742810832,3,-0.30903788850608743,0.41627885615496313
tariff,017390,5,False,안정적 시차 미확인,58,-0.24991374129892507,2,-0.3799865414330157,0.5307464614026871
tariff,034590,5,False,안정적 시차 미확인,58,-0.08914448468030313,1,-0.13783322892363992,0.5625484423037749
tariff,001120,5,False,안정적 시차 미확인,56,-0.03099723663803823,2,-0.14110708556866589,0.6028831775339776
receivable,015760,5,False,검증 불가,,,,,
receivable,036460,5,True,검증 불가,,,,,
receivable,071320,5,False,검증 불가,,,,,
receivable,018670,5,False,검증 불가,,,,,
receivable,017940,5,False,검증 불가,,,,,
receivable,005090,5,False,검증 불가,,,,,
receivable,047050,5,False,검증 불가,,,,,
receivable,004690,5,False,검증 불가,,,,,
receivable,017390,5,False,검증 불가,,,,,
receivable,034590,5,False,검증 불가,,,,,
receivable,001120,5,False,검증 불가,,,,,
peak,015760,5,True,안정적 시차 미확인,58,0.08347523055467179,9,0.20542877948933716,0.5688632434365332
peak,036460,5,True,안정적 시차 미확인,58,0.0009072164573015046,11,-0.3749822522309329,0.3292817461234193
peak,071320,5,True,안정적 시차 미확인,58,-0.10234164181625473,11,-0.30857403054322413,0.19375427245108925
peak,018670,5,True,안정적 시차 미확인,58,-0.12466397708197366,7,-0.23104460694694678,0.4600779622354543
peak,017940,5,False,안정적 시차 미확인,60,-0.11399832715139416,9,0.33651029885549166,0.46843773982574677
peak,005090,5,False,안정적 시차 미확인,58,-0.1750861793730717,6,-0.2023583195249122,0.610761949183391
peak,047050,5,True,안정적 시차 미확인,56,-0.13534839436362953,-4,0.26513317823268434,0.5126830723429183
peak,004690,5,False,안정적 시차 미확인,60,0.1979346233189677,3,0.41617151049310375,0.08437855786352215
peak,017390,5,False,안정적 시차 미확인,60,0.16552819531707313,3,0.3689530798763595,0.1336479031075784
peak,034590,5,False,안정적 시차 미확인,60,0.0022139513703743705,9,0.19751383158979716,0.67467763024645
peak,001120,5,False,안정적 시차 미확인,58,-0.011263579335405883,-4,0.3814479555838721,0.43493288475695224
reserve,015760,5,True,안정적 시차 미확인,58,0.0060603212909824105,-6,-0.2119174030716277,0.6793883556218727
reserve,036460,5,True,안정적 시차 미확인,58,-0.2115364496827174,4,0.3685266105606058,0.5069101306221415
reserve,071320,5,False,안정적 시차 미확인,58,0.10328905391220344,4,0.23149019903977724,0.5531667690024205
reserve,018670,5,True,안정적 시차 미확인,58,0.07365328410413241,5,0.20930155394432337,0.5495521613714652
reserve,017940,5,False,안정적 시차 미확인,60,-0.07303684467269644,-5,0.3095945928157277,0.41627885615496313
reserve,005090,5,False,안정적 시차 미확인,58,0.04387709764134164,-6,0.22377606099956346,0.5601055308650164
reserve,047050,5,True,안정적 시차 미확인,56,-0.08034637059070907,-5,0.25904896133401967,0.5200538843174944
reserve,004690,5,False,안정적 시차 미확인,60,0.009224834900437696,8,-0.21873025176746666,0.6932482901331357
reserve,017390,5,False,안정적 시차 미확인,60,0.0653119731404642,8,-0.25767998995373737,0.6537586390750612
reserve,034590,5,False,안정적 시차 미확인,60,0.13625770786504587,-3,-0.29259537896792276,0.5449651348935267
reserve,001120,5,False,안정적 시차 미확인,58,-0.015779806410363705,-5,0.40807156634009945,0.07881830094715832
consumption,015760,5,True,안정적 시차 미확인,56,-0.006379679050558486,-4,-0.27745629805467875,0.3438298586504752
consumption,036460,5,True,안정적 시차 미확인,56,-0.10349596341115659,-2,0.3374631666875217,0.38673290316936343
consumption,071320,5,True,안정적 시차 미확인,56,-0.1527819038195254,10,-0.3229201646086612,0.15278357861530154
consumption,018670,5,True,안정적 시차 미확인,56,-0.08746331810198674,-4,-0.21951027794783853,0.5699314723045684
consumption,017940,5,False,안정적 시차 미확인,58,-0.083035623988743,-5,-0.2860697142724441,0.5069101306221415
consumption,005090,5,False,안정적 시차 미확인,56,-0.02240984269760874,4,-0.29372910154390763,0.6231023967836863
consumption,047050,5,True,안정적 시차 미확인,55,-0.18915982509043877,-2,0.33311933427780444,0.5531667690024205
consumption,004690,5,False,안정적 시차 미확인,58,0.2355481057425246,7,0.43195285308401193,0.09771958815281594
consumption,017390,5,False,안정적 시차 미확인,58,0.22777280093738625,-5,-0.32974591997805214,0.5660561767108477
consumption,034590,5,False,안정적 시차 미확인,58,0.13964396346868638,12,-0.26095267356869206,0.5096755996454234
consumption,001120,5,False,안정적 시차 미확인,56,0.04593575413400624,-5,0.24579406196451206,0.5695317676841062
nuclear,015760,5,True,검증 불가,,,,,
nuclear,036460,5,True,검증 불가,,,,,
nuclear,071320,5,False,검증 불가,,,,,
nuclear,018670,5,True,검증 불가,,,,,
nuclear,017940,5,False,검증 불가,,,,,
nuclear,005090,5,False,검증 불가,,,,,
nuclear,047050,5,True,검증 불가,,,,,
nuclear,004690,5,False,검증 불가,,,,,
nuclear,017390,5,False,검증 불가,,,,,
nuclear,034590,5,False,검증 불가,,,,,
nuclear,001120,5,False,검증 불가,,,,,
temperature,015760,5,False,안정적 시차 미확인,58,-0.08423935719543682,9,-0.21643353567536971,0.6829837359494841
temperature,036460,5,False,안정적 시차 미확인,58,0.035071009824995836,3,-0.26483626601204896,0.5997941271608881
temperature,071320,5,True,안정적 시차 미확인,58,0.004774702268535154,3,-0.24965496394733594,0.5771315676252554
temperature,018670,5,False,안정적 시차 미확인,58,0.06702514286477106,11,-0.2520940586758094,0.3966794556340626
temperature,017940,5,False,안정적 시차 미확인,60,0.02277795935508935,1,-0.3911406317775022,0.34522477689728853
temperature,005090,5,False,안정적 시차 미확인,58,0.15573493555277027,12,-0.3141952583078595,0.7082836166729716
temperature,047050,5,False,안정적 시차 미확인,56,-0.19766705126863277,7,-0.32458816400055707,0.607772815945677
temperature,004690,5,True,안정적 시차 미확인,60,0.0006799345143036392,1,-0.38394601014342505,0.2766695548673468
temperature,017390,5,True,안정적 시차 미확인,60,-0.003371041107762046,3,-0.2977762613180829,0.06454110406527716
temperature,034590,5,True,안정적 시차 미확인,60,-0.04239197740588415,1,-0.3069456823471834,0.19375427245108925
temperature,001120,5,False,재검토할 연관성,58,-0.323124126176031,11,-0.38999076319335746,0.022918940915779836
usdkrw,015760,5,True,안정적 시차 미확인,58,-0.21165686857774307,-4,0.36170615485254864,0.22145762045449796
usdkrw,036460,5,True,안정적 시차 미확인,58,-0.15438643018680087,-4,0.2175566881878949,0.4851641819750023
usdkrw,071320,5,True,안정적 시차 미확인,58,-0.27964572917043906,0,-0.27964572917043906,0.39245788750561034
usdkrw,018670,5,True,안정적 시차 미확인,58,-0.04816475167646971,10,-0.30624002266908146,0.09697379465499385
usdkrw,017940,5,True,안정적 시차 미확인,60,-0.37315293574457803,0,-0.37315293574457803,0.06374877308035415
usdkrw,005090,5,True,안정적 시차 미확인,58,-0.17598010839635722,9,-0.2848490768654764,0.6816811494192866
usdkrw,047050,5,True,안정적 시차 미확인,56,-0.25857154072381683,6,-0.42566276883516935,0.38955316287122455
usdkrw,004690,5,True,안정적 시차 미확인,60,-0.17143121405801406,4,0.49772702665841845,0.09774449302045275
usdkrw,017390,5,True,안정적 시차 미확인,60,-0.10797907550683869,5,0.5167496974730771,0.4377721122766357
usdkrw,034590,5,True,안정적 시차 미확인,60,-0.1313980886981695,4,0.276034342654968,0.20635037996914768
usdkrw,001120,5,True,안정적 시차 미확인,58,-0.2865319369384751,3,0.2928007418323995,0.14195380365889151
kr3y,015760,5,True,안정적 시차 미확인,58,-0.1629598049726021,10,-0.273599740768492,0.45567197622926964
kr3y,036460,5,True,안정적 시차 미확인,58,-0.249112797173016,0,-0.249112797173016,0.4160633442646279
kr3y,071320,5,True,안정적 시차 미확인,58,-0.19746317207775477,1,-0.3094415890559686,0.4428502860703476
kr3y,018670,5,True,재검토할 연관성,58,-0.11534977853767607,-3,-0.3490189575412105,0.03812444923683238
kr3y,017940,5,True,안정적 시차 미확인,60,-0.2682423970246033,0,-0.2682423970246033,0.5153565246839429
kr3y,005090,5,True,안정적 시차 미확인,58,-0.04612865352395849,3,0.15426092414956125,0.7466865550591097
kr3y,047050,5,True,안정적 시차 미확인,56,-0.13013207653882644,10,0.40077129131177475,0.4552429083483966
kr3y,004690,5,True,안정적 시차 미확인,60,0.043979775701407244,5,0.3295095817413464,0.5284650130955972
kr3y,017390,5,True,안정적 시차 미확인,60,0.0574602661730576,5,0.39815735672699315,0.5136938513439273
kr3y,034590,5,True,안정적 시차 미확인,60,-0.20275123465449083,3,0.35788744723306687,0.299789958739214
kr3y,001120,5,True,안정적 시차 미확인,58,-0.11257181424204431,11,-0.32469120630857934,0.264097967535672
credit,015760,5,True,검증 불가,,,,,
credit,036460,5,True,검증 불가,,,,,
credit,071320,5,True,검증 불가,,,,,
credit,018670,5,True,검증 불가,,,,,
credit,017940,5,True,검증 불가,,,,,
credit,005090,5,True,검증 불가,,,,,
credit,047050,5,True,검증 불가,,,,,
credit,004690,5,True,검증 불가,,,,,
credit,017390,5,True,검증 불가,,,,,
credit,034590,5,True,검증 불가,,,,,
credit,001120,5,True,검증 불가,,,,,
us10y,015760,5,True,안정적 시차 미확인,58,-0.12308880913323346,12,0.2546922452579463,0.5266415561476676
us10y,036460,5,True,안정적 시차 미확인,58,-0.2278084606017625,0,-0.2278084606017625,0.4552429083483966
us10y,071320,5,True,안정적 시차 미확인,58,-0.07480113254018571,2,-0.3303647248456501,0.570396373248578
us10y,018670,5,True,안정적 시차 미확인,58,0.06637017198582398,5,-0.27270368923902516,0.40929291768171205
us10y,017940,5,True,안정적 시차 미확인,60,-0.09707038591860358,7,0.2307204381131406,0.49032569583708696
us10y,005090,5,True,안정적 시차 미확인,58,-0.08612659602336023,12,-0.17408291950783555,0.7220215668868138
us10y,047050,5,True,안정적 시차 미확인,56,-0.16145430044100006,10,0.39072647665833726,0.4428502860703476
us10y,004690,5,True,안정적 시차 미확인,60,0.1870410112174076,4,0.30539375034749305,0.39239010871224944
us10y,017390,5,True,안정적 시차 미확인,60,0.11884807513009088,12,-0.34015654746644874,0.6286433534543449
us10y,034590,5,True,안정적 시차 미확인,60,-0.13525944159866185,-2,0.2691006652028636,0.5555675178769232
us10y,001120,5,True,안정적 시차 미확인,58,-0.1386083952233729,11,-0.35859015502793873,0.3719035581278384
hh,015760,5,False,안정적 시차 미확인,58,0.05415314546794502,10,0.24229511099030274,0.5327791464767951
hh,036460,5,True,안정적 시차 미확인,58,0.09519210219881062,4,-0.22573618512894073,0.7651297544956195
hh,071320,5,False,안정적 시차 미확인,58,-0.08600317379153244,-4,0.2766446193437436,0.433219982328175
hh,018670,5,True,안정적 시차 미확인,58,-0.09021644480072198,11,-0.5134844983552825,0.05864724238533176
hh,017940,5,False,안정적 시차 미확인,60,-0.1966109411203923,3,0.2542052869034341,0.6985645291077343
hh,005090,5,False,안정적 시차 미확인,58,-0.4474718655171967,0,-0.4474718655171967,0.6100338102802819
hh,047050,5,True,안정적 시차 미확인,56,0.08295129067954882,6,-0.318430510802829,0.610761949183391
hh,004690,5,False,안정적 시차 미확인,60,-0.06895242706188007,3,0.3423786753156857,0.5114297209869381
hh,017390,5,False,안정적 시차 미확인,60,-0.055994109536768075,3,0.3991077301475462,0.5761432570676579
hh,034590,5,False,안정적 시차 미확인,60,-0.07027027950076442,3,0.31229472730994734,0.15944625456316408
hh,001120,5,False,안정적 시차 미확인,58,-0.0271210532603642,3,0.2744538986754,0.6564947506431195
brent,015760,5,True,안정적 시차 미확인,58,-0.1736751524350163,-6,-0.3947126106260025,0.28478043289443594
brent,036460,5,True,재검토할 연관성,58,-0.0944894886025765,8,-0.26182904285856695,0.028481929198742508
brent,071320,5,False,안정적 시차 미확인,58,-0.06115548972852211,10,0.32040314693815936,0.06947739984399978
brent,018670,5,True,안정적 시차 미확인,58,0.30516185624236414,-4,-0.4368237700428741,0.0919551054550354
brent,017940,5,False,안정적 시차 미확인,60,0.026405883672406285,-1,0.4556201011785866,0.09230354197555803
brent,005090,5,False,안정적 시차 미확인,58,0.1870160213092302,-1,0.6300673137650867,0.4531917336795913
brent,047050,5,True,안정적 시차 미확인,56,0.10599632945270505,-4,-0.23929075078017914,0.5445944088853235
brent,004690,5,False,안정적 시차 미확인,60,-0.053158989988147276,7,0.31760074817110023,0.3049968819475636
brent,017390,5,False,안정적 시차 미확인,60,-0.062151038003043065,8,0.3588205356903059,0.49211609921121974
brent,034590,5,False,안정적 시차 미확인,60,-0.25656787312746787,6,0.3886306294625428,0.6477969053860111
brent,001120,5,False,안정적 시차 미확인,58,0.046544263119955874,-4,-0.3979405616856326,0.49106706263150646
rec,015760,5,False,검증 불가,,,,,
rec,036460,5,False,검증 불가,,,,,
rec,071320,5,False,검증 불가,,,,,
rec,018670,5,False,검증 불가,,,,,
rec,017940,5,False,검증 불가,,,,,
rec,005090,5,True,검증 불가,,,,,
rec,047050,5,False,검증 불가,,,,,
rec,004690,5,False,검증 불가,,,,,
rec,017390,5,False,검증 불가,,,,,
rec,034590,5,False,검증 불가,,,,,
rec,001120,5,False,검증 불가,,,,,
kau,015760,5,True,검증 불가,0,,,,
kau,036460,5,False,검증 불가,0,,,,
kau,071320,5,True,검증 불가,0,,,,
kau,018670,5,False,검증 불가,0,,,,
kau,017940,5,False,검증 불가,0,,,,
kau,005090,5,True,검증 불가,0,,,,
kau,047050,5,False,검증 불가,0,,,,
kau,004690,5,False,검증 불가,0,,,,
kau,017390,5,False,검증 불가,0,,,,
kau,034590,5,False,검증 불가,0,,,,
kau,001120,5,False,검증 불가,0,,,,
rec_monthly,015760,5,False,안정적 시차 미확인,49,0.03377414859507881,6,-0.27963386890999764,0.45567197622926964
rec_monthly,036460,5,False,안정적 시차 미확인,49,0.055811067702805375,-6,-0.41770516803602825,0.600205753900763
rec_monthly,071320,5,False,안정적 시차 미확인,49,0.006598307169318177,-1,-0.1938039576718793,0.6743477909017728
rec_monthly,018670,5,False,안정적 시차 미확인,49,-0.08403584023447894,-3,-0.3505243921463234,0.4552429083483966
rec_monthly,017940,5,False,안정적 시차 미확인,51,-0.07165629433025004,-3,-0.3830729986775343,0.41132172331330663
rec_monthly,005090,5,True,안정적 시차 미확인,49,-0.05175118399803064,-3,-0.33573435743503005,0.17918154060320063
rec_monthly,047050,5,False,안정적 시차 미확인,48,0.15659489086952547,-2,0.2283861175197903,0.6746280407660832
rec_monthly,004690,5,False,안정적 시차 미확인,51,-0.09203854600196434,3,0.31395473226027276,0.3006471885698257
rec_monthly,017390,5,False,안정적 시차 미확인,51,-0.06055028648321141,4,0.24801918806854456,0.17918154060320063
rec_monthly,034590,5,False,안정적 시차 미확인,51,0.12415995340384817,3,0.4085644778891839,0.06110742965156528
rec_monthly,001120,5,False,재검토할 연관성,49,-0.016959031454320105,5,-0.4095157014721915,0.03994795699946166
purchase,015760,3,True,안정적 시차 미확인,34,-0.03727114805834224,-2,-0.2767647059045343,0.6100338102802819
purchase,036460,3,False,안정적 시차 미확인,34,0.0953995986274028,3,-0.37972234547701644,0.5136938513439273
purchase,071320,3,False,안정적 시차 미확인,34,0.029695005332146012,-2,-0.24380682791830816,0.5458294542757979
purchase,018670,3,False,안정적 시차 미확인,34,0.022619503900117795,-6,-0.37208235419483626,0.45567197622926964
purchase,017940,3,False,안정적 시차 미확인,34,-0.026741138042897156,9,0.4014032926176432,0.4581491109944442
purchase,005090,3,False,안정적 시차 미확인,34,0.039704476270070906,12,0.24115441044810404,0.6842324719171134
purchase,047050,3,False,안정적 시차 미확인,34,0.14433492305804246,9,0.37005049390749706,0.46843773982574677
purchase,004690,3,False,안정적 시차 미확인,34,0.11340193433744811,9,0.24659918195477976,0.5863332996678473
purchase,017390,3,False,안정적 시차 미확인,34,0.022440594462832877,8,0.34466871746898925,0.5527545029682984
purchase,034590,3,False,안정적 시차 미확인,34,-0.051152150529422145,10,0.30197125375055206,0.2504187720851148
purchase,001120,3,False,안정적 시차 미확인,34,-0.025768580924772362,10,0.4162470387305421,0.14891103969685238
gas_sales,015760,3,True,안정적 시차 미확인,35,0.10032338426845507,9,0.42401114588394995,0.5531667690024205
gas_sales,036460,3,True,안정적 시차 미확인,35,0.12743597296939851,4,-0.40113641594434973,0.4598070627924945
gas_sales,071320,3,False,안정적 시차 미확인,35,-0.03502900552858526,-6,0.3825440853949492,0.4552429083483966
gas_sales,018670,3,True,안정적 시차 미확인,35,-0.14986257177489695,7,-0.41673651972865366,0.5699314723045684
gas_sales,017940,3,False,안정적 시차 미확인,35,-0.003706395297399916,9,0.5003571229921406,0.3820105268557863
gas_sales,005090,3,False,안정적 시차 미확인,35,-0.20129760116234274,12,0.37849267493381,0.7213073507504192
gas_sales,047050,3,True,안정적 시차 미확인,35,0.2646623129209103,11,0.41098559956464087,0.45567197622926964
gas_sales,004690,3,False,안정적 시차 미확인,35,0.09654949015866154,3,0.45586333891235226,0.48811347792612825
gas_sales,017390,3,False,안정적 시차 미확인,35,0.0316239916106068,9,0.5054387948387817,0.16305394711800447
gas_sales,034590,3,False,안정적 시차 미확인,35,-0.22725802475843063,9,0.48976901244765547,0.21538665507672008
gas_sales,001120,3,False,안정적 시차 미확인,35,0.17805449115805091,11,0.6758234134729523,0.003102565046764717
jkm_futures,015760,3,True,안정적 시차 미확인,36,-0.33611679542244316,12,0.441403864260522,0.3006471885698257
jkm_futures,036460,3,True,안정적 시차 미확인,36,0.016705013322567373,10,0.28636208365142735,0.5527545029682984
jkm_futures,071320,3,False,안정적 시차 미확인,36,-0.3209688042317213,0,-0.3209688042317213,0.27478004753365853
jkm_futures,018670,3,True,안정적 시차 미확인,36,0.3224650581316207,-6,-0.36115848032891096,0.40734057194016643
jkm_futures,017940,3,False,안정적 시차 미확인,36,0.00275597656840537,2,-0.5270838162143684,0.44189063473165957
jkm_futures,005090,3,False,안정적 시차 미확인,36,0.25706070610227016,-1,0.6972220483363541,0.4581491109944442
jkm_futures,047050,3,True,안정적 시차 미확인,35,0.17118868332790732,10,0.3781349336895627,0.28090792525353575
jkm_futures,004690,3,False,안정적 시차 미확인,36,-0.11041575806275508,2,-0.34240777019460555,0.5147899742435633
jkm_futures,017390,3,False,안정적 시차 미확인,36,-0.24972298082412406,2,-0.38727663771928905,0.6467577230157086
jkm_futures,034590,3,False,안정적 시차 미확인,36,-0.08768113205363365,2,-0.4911941982436044,0.5560602019946226
jkm_futures,001120,3,False,안정적 시차 미확인,36,0.25478568438909904,2,-0.38005320616005267,0.627188490224196
jkm,015760,3,True,검증 불가,,,,,
jkm,036460,3,True,검증 불가,,,,,
jkm,071320,3,False,검증 불가,,,,,
jkm,018670,3,True,검증 불가,,,,,
jkm,017940,3,False,검증 불가,,,,,
jkm,005090,3,False,검증 불가,,,,,
jkm,047050,3,True,검증 불가,,,,,
jkm,004690,3,False,검증 불가,,,,,
jkm,017390,3,False,검증 불가,,,,,
jkm,034590,3,False,검증 불가,,,,,
jkm,001120,3,False,검증 불가,,,,,
coal,015760,3,True,안정적 시차 미확인,36,-0.13060108015696187,9,-0.41632348211560055,0.3206276484475594
coal,036460,3,False,안정적 시차 미확인,36,-0.22203163430595338,7,-0.5117723341963928,0.41132172331330663
coal,071320,3,False,안정적 시차 미확인,36,-0.21484231577240467,3,-0.43240866825759094,0.45750651147498034
coal,018670,3,False,안정적 시차 미확인,36,0.09548149595441455,12,-0.4583128761788719,0.19187769447207959
coal,017940,3,False,안정적 시차 미확인,36,0.11423809745223937,-1,0.3679077448648535,0.41627885615496313
coal,005090,3,True,안정적 시차 미확인,36,0.16103557519236356,-5,-0.4565558421354927,0.6533972870738631
coal,047050,3,False,안정적 시차 미확인,35,-0.06456855899444582,6,0.42095140977750234,0.48868672313960504
coal,004690,3,False,안정적 시차 미확인,36,-0.06313460875084387,3,-0.42341815024543306,0.4699332582187551
coal,017390,3,False,안정적 시차 미확인,36,0.016124783938401426,3,-0.3473938176119657,0.5445944088853235
coal,034590,3,False,안정적 시차 미확인,36,0.11044627321172135,-5,-0.39875932837444744,0.6231023967836863
coal,001120,3,True,안정적 시차 미확인,36,0.21461181733349963,12,-0.39611816435360075,0.6797742209517863
dubai,015760,3,True,안정적 시차 미확인,35,-0.2547062726330569,8,-0.38321143687944753,0.06307394682653919
dubai,036460,3,True,안정적 시차 미확인,35,-0.14742363548822518,12,0.2231748313452704,0.45962584162642106
dubai,071320,3,False,안정적 시차 미확인,35,-0.16438741545539473,2,-0.23357065817211548,0.5037959375017471
dubai,018670,3,True,안정적 시차 미확인,35,0.37699836417751836,11,-0.3892099473292127,0.5807256563929669
dubai,017940,3,False,안정적 시차 미확인,35,0.010766267152111843,-1,0.5648481409107526,0.03994795699946166
dubai,005090,3,False,안정적 시차 미확인,35,0.35689505279619416,-1,0.7815447970939342,0.024170523472559016
dubai,047050,3,True,안정적 시차 미확인,35,0.12704974183005913,-3,-0.3642613700540108,0.3680139136418763
dubai,004690,3,False,안정적 시차 미확인,35,-0.05025673303801801,2,-0.4693409652893512,0.014774052685051322
dubai,017390,3,False,안정적 시차 미확인,35,-0.2104593863860867,2,-0.536302262584517,0.00029384777369377297
dubai,034590,3,False,안정적 시차 미확인,35,-0.017004267538818143,-1,0.7119696239907641,0.00012308404941816975
dubai,001120,3,False,안정적 시차 미확인,35,0.19303900241299624,2,-0.41705344611984785,0.10993677113792068
ttf,015760,3,False,안정적 시차 미확인,36,-0.24294319468226147,12,0.5564503574118805,0.03557400971127143
ttf,036460,3,True,안정적 시차 미확인,36,-0.015986064028427716,10,0.3522069692454025,0.4894318085373696
ttf,071320,3,False,안정적 시차 미확인,36,-0.23291304033606516,2,-0.3837088653594456,0.3820105268557863
ttf,018670,3,True,안정적 시차 미확인,36,0.24730110697730145,3,-0.2990396271712396,0.43174732299653157
ttf,017940,3,False,안정적 시차 미확인,36,-0.127797316470525,2,-0.5367114279428727,0.22988961839676297
ttf,005090,3,False,안정적 시차 미확인,36,0.0860413057101066,-1,0.5764348706879622,0.4399902626917025
ttf,047050,3,True,안정적 시차 미확인,35,0.1051540566672383,8,0.2956727766020234,0.5957411180617526
ttf,004690,3,False,안정적 시차 미확인,36,-0.08162753009809993,2,-0.4346046979366607,0.32574464121553337
ttf,017390,3,False,안정적 시차 미확인,36,-0.2926596815268262,2,-0.4119267446788037,0.5752730781257707
ttf,034590,3,False,안정적 시차 미확인,36,-0.2716333089735581,2,-0.406723677386772,0.5801932483843479
ttf,001120,3,False,안정적 시차 미확인,36,0.12006476939858005,-6,0.4109707315126269,0.22145762045449796
lpg_cp,015760,3,False,검증 불가,,,,,
lpg_cp,036460,3,False,검증 불가,,,,,
lpg_cp,071320,3,False,검증 불가,,,,,
lpg_cp,018670,3,True,검증 불가,,,,,
lpg_cp,017940,3,True,검증 불가,,,,,
lpg_cp,005090,3,False,검증 불가,,,,,
lpg_cp,047050,3,False,검증 불가,,,,,
lpg_cp,004690,3,False,검증 불가,,,,,
lpg_cp,017390,3,False,검증 불가,,,,,
lpg_cp,034590,3,False,검증 불가,,,,,
lpg_cp,001120,3,False,검증 불가,,,,,
smp,015760,3,True,안정적 시차 미확인,36,-0.2010614364549065,10,0.4092744977628692,0.3187652385319551
smp,036460,3,False,안정적 시차 미확인,36,0.12439124562065419,9,-0.41400340350779535,0.6389383891800823
smp,071320,3,True,안정적 시차 미확인,36,-0.11347379268394614,12,-0.40120834994150045,0.3711784432532144
smp,018670,3,True,안정적 시차 미확인,36,-0.1958916698756145,10,0.3132925785705098,0.3060858070736426
smp,017940,3,False,안정적 시차 미확인,36,0.24772049726909834,4,-0.31297199062878805,0.6270743238269921
smp,005090,3,True,안정적 시차 미확인,36,0.22193513285808908,-5,0.4581725537500888,0.6917292672982011
smp,047050,3,True,안정적 시차 미확인,35,0.16223775405525392,4,-0.7264892056341175,0.004751711389165466
smp,004690,3,False,안정적 시차 미확인,36,0.1667344746993515,9,0.2916739376892107,0.6423593659495256
smp,017390,3,False,안정적 시차 미확인,36,0.19033135821076744,-2,-0.3171510098956416,0.5694035354687058
smp,034590,3,False,안정적 시차 미확인,36,0.18545835557140147,2,-0.2844035663459328,0.49032569583708696
smp,001120,3,False,안정적 시차 미확인,36,0.07390059810272306,-4,0.4625267633826157,0.5063545226918937
gas_power,015760,3,True,검증 불가,,,,,
gas_power,036460,3,True,검증 불가,,,,,
gas_power,071320,3,True,검증 불가,,,,,
gas_power,018670,3,False,검증 불가,,,,,
gas_power,017940,3,False,검증 불가,,,,,
gas_power,005090,3,False,검증 불가,,,,,
gas_power,047050,3,False,검증 불가,,,,,
gas_power,004690,3,False,검증 불가,,,,,
gas_power,017390,3,False,검증 불가,,,,,
gas_power,034590,3,False,검증 불가,,,,,
gas_power,001120,3,False,검증 불가,,,,,
gas_chp,015760,3,False,검증 불가,,,,,
gas_chp,036460,3,False,검증 불가,,,,,
gas_chp,071320,3,True,검증 불가,,,,,
gas_chp,018670,3,False,검증 불가,,,,,
gas_chp,017940,3,False,검증 불가,,,,,
gas_chp,005090,3,False,검증 불가,,,,,
gas_chp,047050,3,False,검증 불가,,,,,
gas_chp,004690,3,False,검증 불가,,,,,
gas_chp,017390,3,False,검증 불가,,,,,
gas_chp,034590,3,False,검증 불가,,,,,
gas_chp,001120,3,False,검증 불가,,,,,
tariff,015760,3,True,안정적 시차 미확인,34,0.13243743922354795,-3,0.29680677287345214,0.5531667690024205
tariff,036460,3,False,안정적 시차 미확인,34,0.031074003433048922,6,0.43501028090039184,0.358224779901155
tariff,071320,3,False,안정적 시차 미확인,34,0.1902834202849777,1,0.3351731636476276,0.22617492628229954
tariff,018670,3,False,안정적 시차 미확인,34,0.08784707405819417,-6,0.3233278274028178,0.5136938513439273
tariff,017940,3,False,안정적 시차 미확인,34,0.042566598604192186,11,-0.2142911848488426,0.5307464614026871
tariff,005090,3,False,안정적 시차 미확인,34,-0.10871149207567095,-3,-0.25101953904399155,0.6191942008157152
tariff,047050,3,False,안정적 시차 미확인,34,-0.13091035386499827,-5,0.23131699478971635,0.5801932483843479
tariff,004690,3,False,안정적 시차 미확인,34,0.024498857694760765,-6,-0.1842304923197439,0.7389529313868686
tariff,017390,3,False,안정적 시차 미확인,34,0.11069312827848102,-6,-0.34132242943572044,0.4150867958571566
tariff,034590,3,False,안정적 시차 미확인,34,0.08509504070741664,-1,0.17848741728852185,0.5408637452403076
tariff,001120,3,False,안정적 시차 미확인,34,0.016575705413415,-3,-0.2960599158094518,0.570396373248578
receivable,015760,3,False,검증 불가,,,,,
receivable,036460,3,True,검증 불가,,,,,
receivable,071320,3,False,검증 불가,,,,,
receivable,018670,3,False,검증 불가,,,,,
receivable,017940,3,False,검증 불가,,,,,
receivable,005090,3,False,검증 불가,,,,,
receivable,047050,3,False,검증 불가,,,,,
receivable,004690,3,False,검증 불가,,,,,
receivable,017390,3,False,검증 불가,,,,,
receivable,034590,3,False,검증 불가,,,,,
receivable,001120,3,False,검증 불가,,,,,
peak,015760,3,True,안정적 시차 미확인,36,0.11140371960958621,9,0.3581678025095607,0.43712462400146296
peak,036460,3,True,안정적 시차 미확인,36,-0.02126021885924861,11,-0.40313721716015855,0.4160633442646279
peak,071320,3,True,안정적 시차 미확인,36,-0.07536985371341613,4,-0.2793531428166988,0.5560602019946226
peak,018670,3,True,안정적 시차 미확인,36,-0.05898850218659161,-3,0.254436412464748,0.5527545029682984
peak,017940,3,False,안정적 시차 미확인,36,-0.011758421752930051,9,0.5019558438569169,0.3758088653746646
peak,005090,3,False,안정적 시차 미확인,36,-0.19813526849932392,7,0.3306383341049859,0.6776923830424517
peak,047050,3,True,안정적 시차 미확인,35,0.07493930954414976,7,0.2796409335729776,0.5758963706558167
peak,004690,3,False,안정적 시차 미확인,36,0.12116251603341083,9,0.381619111651947,0.5780178926406933
peak,017390,3,False,안정적 시차 미확인,36,0.039369581964569564,3,0.42127875521970254,0.4552429083483966
peak,034590,3,False,안정적 시차 미확인,36,-0.10089459563847401,7,0.4230013493945485,0.5094386047644343
peak,001120,3,False,안정적 시차 미확인,36,0.15058708174740074,9,0.559190984698678,0.17918154060320063
reserve,015760,3,True,안정적 시차 미확인,36,0.06452916703648705,-6,-0.2493423913228772,0.7584858575564433
reserve,036460,3,True,안정적 시차 미확인,36,-0.25244549718064124,3,-0.4142899342994115,0.5445944088853235
reserve,071320,3,False,안정적 시차 미확인,36,0.11250738123317408,-5,0.2674493458530468,0.5418605540664952
reserve,018670,3,True,안정적 시차 미확인,36,0.07010157653063152,5,0.2821243095674824,0.5663759312220865
reserve,017940,3,False,안정적 시차 미확인,36,-0.1531874735452724,-5,0.3972224379686023,0.5330904804786828
reserve,005090,3,False,안정적 시차 미확인,36,0.03153759218468273,7,-0.35038929969317045,0.6926363485176898
reserve,047050,3,True,안정적 시차 미확인,35,-0.2717564776025818,4,0.4881648930106199,0.09980077334270797
reserve,004690,3,False,안정적 시차 미확인,36,-0.16726992714430172,-5,0.314067115104951,0.69785607953729
reserve,017390,3,False,안정적 시차 미확인,36,-0.10856475024320723,2,0.3037854237093708,0.6218542854701782
reserve,034590,3,False,안정적 시차 미확인,36,-0.025718789013566445,1,-0.27901780901995776,0.5699314723045684
reserve,001120,3,False,안정적 시차 미확인,36,-0.21962086634414163,-5,0.5400116809857006,0.041051913216384794
consumption,015760,3,True,안정적 시차 미확인,34,0.10949463619519277,-4,-0.38623949075163744,0.16305394711800447
consumption,036460,3,True,안정적 시차 미확인,34,-0.12324008595537903,-4,0.446620635976961,0.5147899742435633
consumption,071320,3,True,안정적 시차 미확인,34,-0.16795769834196425,7,0.448427192352374,0.30650061405672957
consumption,018670,3,True,안정적 시차 미확인,34,-0.13218889836844647,8,0.29698042331341246,0.5961265439732191
consumption,017940,3,False,안정적 시차 미확인,34,0.029951214773052893,7,0.5067599353475924,0.4399902626917025
consumption,005090,3,False,안정적 시차 미확인,34,-0.0015375596378318613,4,-0.3709034283732355,0.6811690093954692
consumption,047050,3,True,안정적 시차 미확인,34,-0.026740760040987153,-4,0.32070867807108056,0.5114297209869381
consumption,004690,3,False,안정적 시차 미확인,34,0.07497398960998274,7,0.6057827649266889,0.17918154060320063
consumption,017390,3,False,안정적 시차 미확인,34,0.10823989383899968,7,0.5990692540137121,0.13792594719253218
consumption,034590,3,False,안정적 시차 미확인,34,0.09939768257243277,7,0.5388053930185153,0.5080331110075611
consumption,001120,3,False,안정적 시차 미확인,34,0.1706610334529943,7,0.3452977984991387,0.6220709179883607
nuclear,015760,3,True,검증 불가,,,,,
nuclear,036460,3,True,검증 불가,,,,,
nuclear,071320,3,False,검증 불가,,,,,
nuclear,018670,3,True,검증 불가,,,,,
nuclear,017940,3,False,검증 불가,,,,,
nuclear,005090,3,False,검증 불가,,,,,
nuclear,047050,3,True,검증 불가,,,,,
nuclear,004690,3,False,검증 불가,,,,,
nuclear,017390,3,False,검증 불가,,,,,
nuclear,034590,3,False,검증 불가,,,,,
nuclear,001120,3,False,검증 불가,,,,,
temperature,015760,3,False,안정적 시차 미확인,36,-0.14071223030678867,3,-0.29501656633988316,0.4977970090110488
temperature,036460,3,False,안정적 시차 미확인,36,0.09100614545603117,3,-0.37101032413267315,0.5863332996678473
temperature,071320,3,True,안정적 시차 미확인,36,0.03169833902005998,3,-0.36866920069776704,0.41627885615496313
temperature,018670,3,False,안정적 시차 미확인,36,0.012089243986396284,-3,-0.3746225446311567,0.12045667221225508
temperature,017940,3,False,안정적 시차 미확인,36,0.00912097990053203,3,-0.4557521098976609,0.1706904400968471
temperature,005090,3,False,안정적 시차 미확인,36,0.1819822195902648,12,-0.4208591156309183,0.7220673038329629
temperature,047050,3,False,안정적 시차 미확인,35,-0.21593237656699701,11,-0.40488118915852145,0.2928384239662564
temperature,004690,3,True,안정적 시차 미확인,36,-0.12794967507706417,3,-0.5353607678195819,0.45567197622926964
temperature,017390,3,True,안정적 시차 미확인,36,-0.07090783721361128,3,-0.584649508262019,0.264097967535672
temperature,034590,3,True,안정적 시차 미확인,36,0.10289387707715923,1,-0.5846400972469582,0.4027046545473959
temperature,001120,3,False,안정적 시차 미확인,36,-0.36277753729957235,-1,0.5555285255763358,0.004923578709992757
usdkrw,015760,3,True,안정적 시차 미확인,36,-0.11585319197872172,-5,0.5597957862144062,0.028481929198742508
usdkrw,036460,3,True,안정적 시차 미확인,36,-0.14914131280008494,-6,0.29891417357506334,0.6130888556008292
usdkrw,071320,3,True,안정적 시차 미확인,36,-0.26032558716606796,-5,0.3920498282743222,0.16794602221616534
usdkrw,018670,3,True,안정적 시차 미확인,36,0.03457284239726467,-2,0.3318498339763407,0.5574398076343516
usdkrw,017940,3,True,안정적 시차 미확인,36,-0.40378628506354747,0,-0.40378628506354747,0.22145762045449796
usdkrw,005090,3,True,안정적 시차 미확인,36,-0.17332351949103628,-6,-0.44979008691318173,0.6432897869003581
usdkrw,047050,3,True,안정적 시차 미확인,35,-0.2845840936016979,7,-0.4007451475464101,0.5938112857091972
usdkrw,004690,3,True,안정적 시차 미확인,36,-0.4653790157568497,0,-0.4653790157568497,0.3758088653746646
usdkrw,017390,3,True,안정적 시차 미확인,36,-0.3102024731202504,0,-0.3102024731202504,0.4428502860703476
usdkrw,034590,3,True,안정적 시차 미확인,36,-0.2659492562756346,-4,0.5062867087223311,0.1892472947099864
usdkrw,001120,3,True,안정적 시차 미확인,36,-0.4172242843304274,4,0.4218551346374428,0.19391361748401917
kr3y,015760,3,True,안정적 시차 미확인,36,-0.08143097058363459,2,-0.41926435088582137,0.011625691961419323
kr3y,036460,3,True,안정적 시차 미확인,36,-0.25085649221223294,6,-0.4753148188355965,0.5531667690024205
kr3y,071320,3,True,안정적 시차 미확인,36,-0.04649385698676867,5,-0.3992342931426348,0.39239010871224944
kr3y,018670,3,True,안정적 시차 미확인,36,0.083272349848195,-6,-0.27916693543831206,0.6111828508904263
kr3y,017940,3,True,안정적 시차 미확인,36,-0.18093785074935154,11,-0.29253684390373424,0.6443274046480318
kr3y,005090,3,True,안정적 시차 미확인,36,0.038716515344544095,3,0.3400506528593659,0.6100338102802819
kr3y,047050,3,True,안정적 시차 미확인,35,-0.2782109792983529,6,-0.5234665693887399,0.09697379465499385
kr3y,004690,3,True,안정적 시차 미확인,36,-0.2251063787815209,-6,0.25970088042136535,0.7450782665670914
kr3y,017390,3,True,안정적 시차 미확인,36,-0.38840456512912813,0,-0.38840456512912813,0.4512167442615953
kr3y,034590,3,True,안정적 시차 미확인,36,-0.31849806084461946,0,-0.31849806084461946,0.48811347792612825
kr3y,001120,3,True,안정적 시차 미확인,36,-0.11732226102881647,1,0.19909261321127938,0.5232366599801043
credit,015760,3,True,검증 불가,,,,,
credit,036460,3,True,검증 불가,,,,,
credit,071320,3,True,검증 불가,,,,,
credit,018670,3,True,검증 불가,,,,,
credit,017940,3,True,검증 불가,,,,,
credit,005090,3,True,검증 불가,,,,,
credit,047050,3,True,검증 불가,,,,,
credit,004690,3,True,검증 불가,,,,,
credit,017390,3,True,검증 불가,,,,,
credit,034590,3,True,검증 불가,,,,,
credit,001120,3,True,검증 불가,,,,,
us10y,015760,3,True,안정적 시차 미확인,36,-0.031726152543757435,2,-0.528982342856594,0.00034874078029949467
us10y,036460,3,True,안정적 시차 미확인,36,-0.22882560867527976,4,0.34994712714759074,0.27346733224827835
us10y,071320,3,True,안정적 시차 미확인,36,0.08362435241562031,4,0.5341901802990452,0.03812444923683238
us10y,018670,3,True,안정적 시차 미확인,36,0.14177839311300588,-4,-0.33795580250808943,0.1842776902599352
us10y,017940,3,True,안정적 시차 미확인,36,-0.10436419523219817,-3,-0.23939937821091828,0.4326741640161909
us10y,005090,3,True,안정적 시차 미확인,36,-0.07589132414060529,-6,0.2481061840822171,0.4552429083483966
us10y,047050,3,True,안정적 시차 미확인,35,-0.4199833825956286,6,-0.4467257435966251,0.21371174624999778
us10y,004690,3,True,안정적 시차 미확인,36,0.07372859003304628,7,0.29242351598379623,0.6596489654712734
us10y,017390,3,True,안정적 시차 미확인,36,-0.1449193585605507,-3,-0.2149489946846551,0.5307328699761789
us10y,034590,3,True,안정적 시차 미확인,36,-0.27574445471458325,0,-0.27574445471458325,0.5870948534900421
us10y,001120,3,True,안정적 시차 미확인,36,-0.21801776875923032,-5,0.31408193962789077,0.3479459662576055
hh,015760,3,False,안정적 시차 미확인,36,-0.05359596258258719,10,0.34761318906993777,0.37567793260074167
hh,036460,3,True,안정적 시차 미확인,36,0.01784573078322999,10,0.5172493286031927,0.19375427245108925
hh,071320,3,False,안정적 시차 미확인,36,-0.1265268413595917,10,0.38308250461358817,0.5657151934697062
hh,018670,3,True,안정적 시차 미확인,36,-0.07800721937067635,11,-0.5419519210474993,0.17918154060320063
hh,017940,3,False,안정적 시차 미확인,36,-0.298239994164339,-6,0.42049575542483586,0.028481929198742508
hh,005090,3,False,안정적 시차 미확인,36,-0.5487826137469366,0,-0.5487826137469366,0.5699314723045684
hh,047050,3,True,안정적 시차 미확인,35,-0.05804779482280396,3,0.2877236512968702,0.6837213988227141
hh,004690,3,False,안정적 시차 미확인,36,-0.11034661548916296,12,0.3146072076738918,0.4965717463966257
hh,017390,3,False,안정적 시차 미확인,36,-0.056916909454068874,3,0.3369840909956398,0.5937193606787916
hh,034590,3,False,안정적 시차 미확인,36,-0.3797380175207419,-6,0.39016999535802277,0.13712319393213268
hh,001120,3,False,안정적 시차 미확인,36,-0.14452348141830026,-3,-0.4055943524729784,0.12045667221225508
brent,015760,3,True,안정적 시차 미확인,36,-0.16208268763027686,2,-0.4457359698380658,0.22145762045449796
brent,036460,3,True,안정적 시차 미확인,36,-0.07713143341791694,4,0.2954183818685402,0.46843773982574677
brent,071320,3,False,안정적 시차 미확인,36,-0.0800405477549944,2,-0.39620023066415994,0.15278357861530154
brent,018670,3,True,안정적 시차 미확인,36,0.5170582724815961,0,0.5170582724815961,0.004586107880834048
brent,017940,3,False,안정적 시차 미확인,36,0.12351624532924826,2,-0.6226478252715296,0.007482499886864918
brent,005090,3,False,안정적 시차 미확인,36,0.22313777625520054,-1,0.7504253103968237,0.17918154060320063
brent,047050,3,True,안정적 시차 미확인,35,0.23935902457732253,-3,-0.4117429620551391,0.3649787253080614
brent,004690,3,False,안정적 시차 미확인,36,0.007241955660629131,2,-0.5198008100739634,6.113556604737894e-06
brent,017390,3,False,안정적 시차 미확인,36,-0.10571802614461914,2,-0.5521932341628667,0.05486392293713029
brent,034590,3,False,안정적 시차 미확인,36,-0.030285919269283652,-1,0.632653967836884,0.008393213615864462
brent,001120,3,False,안정적 시차 미확인,36,0.3808849279711533,2,-0.4766817156605636,0.21358613189860803
rec,015760,3,False,검증 불가,,,,,
rec,036460,3,False,검증 불가,,,,,
rec,071320,3,False,검증 불가,,,,,
rec,018670,3,False,검증 불가,,,,,
rec,017940,3,False,검증 불가,,,,,
rec,005090,3,True,검증 불가,,,,,
rec,047050,3,False,검증 불가,,,,,
rec,004690,3,False,검증 불가,,,,,
rec,017390,3,False,검증 불가,,,,,
rec,034590,3,False,검증 불가,,,,,
rec,001120,3,False,검증 불가,,,,,
kau,015760,3,True,검증 불가,0,,,,
kau,036460,3,False,검증 불가,0,,,,
kau,071320,3,True,검증 불가,0,,,,
kau,018670,3,False,검증 불가,0,,,,
kau,017940,3,False,검증 불가,0,,,,
kau,005090,3,True,검증 불가,0,,,,
kau,047050,3,False,검증 불가,0,,,,
kau,004690,3,False,검증 불가,0,,,,
kau,017390,3,False,검증 불가,0,,,,
kau,034590,3,False,검증 불가,0,,,,
kau,001120,3,False,검증 불가,0,,,,
rec_monthly,015760,3,False,안정적 시차 미확인,27,0.31313241373594697,-2,-0.44634738640557564,0.025668079774956328
rec_monthly,036460,3,False,안정적 시차 미확인,27,0.25877882984237877,-2,0.3198914331896774,0.5343362054169556
rec_monthly,071320,3,False,안정적 시차 미확인,27,0.3893418627610586,5,-0.45244563176681474,0.2613020190980828
rec_monthly,018670,3,False,안정적 시차 미확인,27,-0.047088501390970296,6,-0.31732674049127674,0.11422037700215479
rec_monthly,017940,3,False,안정적 시차 미확인,27,0.01785501243580342,3,0.38014661460195653,0.16794602221616534
rec_monthly,005090,3,True,안정적 시차 미확인,27,-0.331912711234732,0,-0.331912711234732,0.643515538284545
rec_monthly,047050,3,False,안정적 시차 미확인,27,0.2927354931551465,2,-0.48596341534516807,0.15957708624327815
rec_monthly,004690,3,False,안정적 시차 미확인,27,0.07193411871250228,5,-0.6252548864465872,0.37563846384733196
rec_monthly,017390,3,False,안정적 시차 미확인,27,-0.1348228119940385,5,-0.44721512159081844,0.43738475652395414
rec_monthly,034590,3,False,안정적 시차 미확인,27,-0.5168092891567774,0,-0.5168092891567774,0.16053732488190564
rec_monthly,001120,3,False,안정적 시차 미확인,27,-0.038133382232810716,1,0.1991611561753186,0.7784507578895145
purchase,015760,1,True,검증 불가,10,,,,
purchase,036460,1,False,검증 불가,10,,,,
purchase,071320,1,False,검증 불가,10,,,,
purchase,018670,1,False,검증 불가,10,,,,
purchase,017940,1,False,검증 불가,10,,,,
purchase,005090,1,False,검증 불가,10,,,,
purchase,047050,1,False,검증 불가,10,,,,
purchase,004690,1,False,검증 불가,10,,,,
purchase,017390,1,False,검증 불가,10,,,,
purchase,034590,1,False,검증 불가,10,,,,
purchase,001120,1,False,검증 불가,10,,,,
gas_sales,015760,1,True,검증 불가,11,,,,
gas_sales,036460,1,True,검증 불가,11,,,,
gas_sales,071320,1,False,검증 불가,11,,,,
gas_sales,018670,1,True,검증 불가,11,,,,
gas_sales,017940,1,False,검증 불가,11,,,,
gas_sales,005090,1,False,검증 불가,11,,,,
gas_sales,047050,1,True,검증 불가,11,,,,
gas_sales,004690,1,False,검증 불가,11,,,,
gas_sales,017390,1,False,검증 불가,11,,,,
gas_sales,034590,1,False,검증 불가,11,,,,
gas_sales,001120,1,False,검증 불가,11,,,,
jkm_futures,015760,1,True,검증 불가,12,,,,
jkm_futures,036460,1,True,검증 불가,12,,,,
jkm_futures,071320,1,False,검증 불가,12,,,,
jkm_futures,018670,1,True,검증 불가,12,,,,
jkm_futures,017940,1,False,검증 불가,12,,,,
jkm_futures,005090,1,False,검증 불가,12,,,,
jkm_futures,047050,1,True,검증 불가,11,,,,
jkm_futures,004690,1,False,검증 불가,12,,,,
jkm_futures,017390,1,False,검증 불가,12,,,,
jkm_futures,034590,1,False,검증 불가,12,,,,
jkm_futures,001120,1,False,검증 불가,12,,,,
jkm,015760,1,True,검증 불가,,,,,
jkm,036460,1,True,검증 불가,,,,,
jkm,071320,1,False,검증 불가,,,,,
jkm,018670,1,True,검증 불가,,,,,
jkm,017940,1,False,검증 불가,,,,,
jkm,005090,1,False,검증 불가,,,,,
jkm,047050,1,True,검증 불가,,,,,
jkm,004690,1,False,검증 불가,,,,,
jkm,017390,1,False,검증 불가,,,,,
jkm,034590,1,False,검증 불가,,,,,
jkm,001120,1,False,검증 불가,,,,,
coal,015760,1,True,검증 불가,12,,,,
coal,036460,1,False,검증 불가,12,,,,
coal,071320,1,False,검증 불가,12,,,,
coal,018670,1,False,검증 불가,12,,,,
coal,017940,1,False,검증 불가,12,,,,
coal,005090,1,True,검증 불가,12,,,,
coal,047050,1,False,검증 불가,11,,,,
coal,004690,1,False,검증 불가,12,,,,
coal,017390,1,False,검증 불가,12,,,,
coal,034590,1,False,검증 불가,12,,,,
coal,001120,1,True,검증 불가,12,,,,
dubai,015760,1,True,검증 불가,11,,,,
dubai,036460,1,True,검증 불가,11,,,,
dubai,071320,1,False,검증 불가,11,,,,
dubai,018670,1,True,검증 불가,11,,,,
dubai,017940,1,False,검증 불가,11,,,,
dubai,005090,1,False,검증 불가,11,,,,
dubai,047050,1,True,검증 불가,11,,,,
dubai,004690,1,False,검증 불가,11,,,,
dubai,017390,1,False,검증 불가,11,,,,
dubai,034590,1,False,검증 불가,11,,,,
dubai,001120,1,False,검증 불가,11,,,,
ttf,015760,1,False,검증 불가,12,,,,
ttf,036460,1,True,검증 불가,12,,,,
ttf,071320,1,False,검증 불가,12,,,,
ttf,018670,1,True,검증 불가,12,,,,
ttf,017940,1,False,검증 불가,12,,,,
ttf,005090,1,False,검증 불가,12,,,,
ttf,047050,1,True,검증 불가,11,,,,
ttf,004690,1,False,검증 불가,12,,,,
ttf,017390,1,False,검증 불가,12,,,,
ttf,034590,1,False,검증 불가,12,,,,
ttf,001120,1,False,검증 불가,12,,,,
lpg_cp,015760,1,False,검증 불가,,,,,
lpg_cp,036460,1,False,검증 불가,,,,,
lpg_cp,071320,1,False,검증 불가,,,,,
lpg_cp,018670,1,True,검증 불가,,,,,
lpg_cp,017940,1,True,검증 불가,,,,,
lpg_cp,005090,1,False,검증 불가,,,,,
lpg_cp,047050,1,False,검증 불가,,,,,
lpg_cp,004690,1,False,검증 불가,,,,,
lpg_cp,017390,1,False,검증 불가,,,,,
lpg_cp,034590,1,False,검증 불가,,,,,
lpg_cp,001120,1,False,검증 불가,,,,,
smp,015760,1,True,검증 불가,12,,,,
smp,036460,1,False,검증 불가,12,,,,
smp,071320,1,True,검증 불가,12,,,,
smp,018670,1,True,검증 불가,12,,,,
smp,017940,1,False,검증 불가,12,,,,
smp,005090,1,True,검증 불가,12,,,,
smp,047050,1,True,검증 불가,11,,,,
smp,004690,1,False,검증 불가,12,,,,
smp,017390,1,False,검증 불가,12,,,,
smp,034590,1,False,검증 불가,12,,,,
smp,001120,1,False,검증 불가,12,,,,
gas_power,015760,1,True,검증 불가,,,,,
gas_power,036460,1,True,검증 불가,,,,,
gas_power,071320,1,True,검증 불가,,,,,
gas_power,018670,1,False,검증 불가,,,,,
gas_power,017940,1,False,검증 불가,,,,,
gas_power,005090,1,False,검증 불가,,,,,
gas_power,047050,1,False,검증 불가,,,,,
gas_power,004690,1,False,검증 불가,,,,,
gas_power,017390,1,False,검증 불가,,,,,
gas_power,034590,1,False,검증 불가,,,,,
gas_power,001120,1,False,검증 불가,,,,,
gas_chp,015760,1,False,검증 불가,,,,,
gas_chp,036460,1,False,검증 불가,,,,,
gas_chp,071320,1,True,검증 불가,,,,,
gas_chp,018670,1,False,검증 불가,,,,,
gas_chp,017940,1,False,검증 불가,,,,,
gas_chp,005090,1,False,검증 불가,,,,,
gas_chp,047050,1,False,검증 불가,,,,,
gas_chp,004690,1,False,검증 불가,,,,,
gas_chp,017390,1,False,검증 불가,,,,,
gas_chp,034590,1,False,검증 불가,,,,,
gas_chp,001120,1,False,검증 불가,,,,,
tariff,015760,1,True,검증 불가,10,,,,
tariff,036460,1,False,검증 불가,10,,,,
tariff,071320,1,False,검증 불가,10,,,,
tariff,018670,1,False,검증 불가,10,,,,
tariff,017940,1,False,검증 불가,10,,,,
tariff,005090,1,False,검증 불가,10,,,,
tariff,047050,1,False,검증 불가,10,,,,
tariff,004690,1,False,검증 불가,10,,,,
tariff,017390,1,False,검증 불가,10,,,,
tariff,034590,1,False,검증 불가,10,,,,
tariff,001120,1,False,검증 불가,10,,,,
receivable,015760,1,False,검증 불가,,,,,
receivable,036460,1,True,검증 불가,,,,,
receivable,071320,1,False,검증 불가,,,,,
receivable,018670,1,False,검증 불가,,,,,
receivable,017940,1,False,검증 불가,,,,,
receivable,005090,1,False,검증 불가,,,,,
receivable,047050,1,False,검증 불가,,,,,
receivable,004690,1,False,검증 불가,,,,,
receivable,017390,1,False,검증 불가,,,,,
receivable,034590,1,False,검증 불가,,,,,
receivable,001120,1,False,검증 불가,,,,,
peak,015760,1,True,검증 불가,12,,,,
peak,036460,1,True,검증 불가,12,,,,
peak,071320,1,True,검증 불가,12,,,,
peak,018670,1,True,검증 불가,12,,,,
peak,017940,1,False,검증 불가,12,,,,
peak,005090,1,False,검증 불가,12,,,,
peak,047050,1,True,검증 불가,11,,,,
peak,004690,1,False,검증 불가,12,,,,
peak,017390,1,False,검증 불가,12,,,,
peak,034590,1,False,검증 불가,12,,,,
peak,001120,1,False,검증 불가,12,,,,
reserve,015760,1,True,검증 불가,12,,,,
reserve,036460,1,True,검증 불가,12,,,,
reserve,071320,1,False,검증 불가,12,,,,
reserve,018670,1,True,검증 불가,12,,,,
reserve,017940,1,False,검증 불가,12,,,,
reserve,005090,1,False,검증 불가,12,,,,
reserve,047050,1,True,검증 불가,11,,,,
reserve,004690,1,False,검증 불가,12,,,,
reserve,017390,1,False,검증 불가,12,,,,
reserve,034590,1,False,검증 불가,12,,,,
reserve,001120,1,False,검증 불가,12,,,,
consumption,015760,1,True,검증 불가,10,,,,
consumption,036460,1,True,검증 불가,10,,,,
consumption,071320,1,True,검증 불가,10,,,,
consumption,018670,1,True,검증 불가,10,,,,
consumption,017940,1,False,검증 불가,10,,,,
consumption,005090,1,False,검증 불가,10,,,,
consumption,047050,1,True,검증 불가,10,,,,
consumption,004690,1,False,검증 불가,10,,,,
consumption,017390,1,False,검증 불가,10,,,,
consumption,034590,1,False,검증 불가,10,,,,
consumption,001120,1,False,검증 불가,10,,,,
nuclear,015760,1,True,검증 불가,,,,,
nuclear,036460,1,True,검증 불가,,,,,
nuclear,071320,1,False,검증 불가,,,,,
nuclear,018670,1,True,검증 불가,,,,,
nuclear,017940,1,False,검증 불가,,,,,
nuclear,005090,1,False,검증 불가,,,,,
nuclear,047050,1,True,검증 불가,,,,,
nuclear,004690,1,False,검증 불가,,,,,
nuclear,017390,1,False,검증 불가,,,,,
nuclear,034590,1,False,검증 불가,,,,,
nuclear,001120,1,False,검증 불가,,,,,
temperature,015760,1,False,검증 불가,12,,,,
temperature,036460,1,False,검증 불가,12,,,,
temperature,071320,1,True,검증 불가,12,,,,
temperature,018670,1,False,검증 불가,12,,,,
temperature,017940,1,False,검증 불가,12,,,,
temperature,005090,1,False,검증 불가,12,,,,
temperature,047050,1,False,검증 불가,11,,,,
temperature,004690,1,True,검증 불가,12,,,,
temperature,017390,1,True,검증 불가,12,,,,
temperature,034590,1,True,검증 불가,12,,,,
temperature,001120,1,False,검증 불가,12,,,,
usdkrw,015760,1,True,검증 불가,12,,,,
usdkrw,036460,1,True,검증 불가,12,,,,
usdkrw,071320,1,True,검증 불가,12,,,,
usdkrw,018670,1,True,검증 불가,12,,,,
usdkrw,017940,1,True,검증 불가,12,,,,
usdkrw,005090,1,True,검증 불가,12,,,,
usdkrw,047050,1,True,검증 불가,11,,,,
usdkrw,004690,1,True,검증 불가,12,,,,
usdkrw,017390,1,True,검증 불가,12,,,,
usdkrw,034590,1,True,검증 불가,12,,,,
usdkrw,001120,1,True,검증 불가,12,,,,
kr3y,015760,1,True,검증 불가,12,,,,
kr3y,036460,1,True,검증 불가,12,,,,
kr3y,071320,1,True,검증 불가,12,,,,
kr3y,018670,1,True,검증 불가,12,,,,
kr3y,017940,1,True,검증 불가,12,,,,
kr3y,005090,1,True,검증 불가,12,,,,
kr3y,047050,1,True,검증 불가,11,,,,
kr3y,004690,1,True,검증 불가,12,,,,
kr3y,017390,1,True,검증 불가,12,,,,
kr3y,034590,1,True,검증 불가,12,,,,
kr3y,001120,1,True,검증 불가,12,,,,
credit,015760,1,True,검증 불가,,,,,
credit,036460,1,True,검증 불가,,,,,
credit,071320,1,True,검증 불가,,,,,
credit,018670,1,True,검증 불가,,,,,
credit,017940,1,True,검증 불가,,,,,
credit,005090,1,True,검증 불가,,,,,
credit,047050,1,True,검증 불가,,,,,
credit,004690,1,True,검증 불가,,,,,
credit,017390,1,True,검증 불가,,,,,
credit,034590,1,True,검증 불가,,,,,
credit,001120,1,True,검증 불가,,,,,
us10y,015760,1,True,검증 불가,12,,,,
us10y,036460,1,True,검증 불가,12,,,,
us10y,071320,1,True,검증 불가,12,,,,
us10y,018670,1,True,검증 불가,12,,,,
us10y,017940,1,True,검증 불가,12,,,,
us10y,005090,1,True,검증 불가,12,,,,
us10y,047050,1,True,검증 불가,11,,,,
us10y,004690,1,True,검증 불가,12,,,,
us10y,017390,1,True,검증 불가,12,,,,
us10y,034590,1,True,검증 불가,12,,,,
us10y,001120,1,True,검증 불가,12,,,,
hh,015760,1,False,검증 불가,12,,,,
hh,036460,1,True,검증 불가,12,,,,
hh,071320,1,False,검증 불가,12,,,,
hh,018670,1,True,검증 불가,12,,,,
hh,017940,1,False,검증 불가,12,,,,
hh,005090,1,False,검증 불가,12,,,,
hh,047050,1,True,검증 불가,11,,,,
hh,004690,1,False,검증 불가,12,,,,
hh,017390,1,False,검증 불가,12,,,,
hh,034590,1,False,검증 불가,12,,,,
hh,001120,1,False,검증 불가,12,,,,
brent,015760,1,True,검증 불가,12,,,,
brent,036460,1,True,검증 불가,12,,,,
brent,071320,1,False,검증 불가,12,,,,
brent,018670,1,True,검증 불가,12,,,,
brent,017940,1,False,검증 불가,12,,,,
brent,005090,1,False,검증 불가,12,,,,
brent,047050,1,True,검증 불가,11,,,,
brent,004690,1,False,검증 불가,12,,,,
brent,017390,1,False,검증 불가,12,,,,
brent,034590,1,False,검증 불가,12,,,,
brent,001120,1,False,검증 불가,12,,,,
rec,015760,1,False,검증 불가,,,,,
rec,036460,1,False,검증 불가,,,,,
rec,071320,1,False,검증 불가,,,,,
rec,018670,1,False,검증 불가,,,,,
rec,017940,1,False,검증 불가,,,,,
rec,005090,1,True,검증 불가,,,,,
rec,047050,1,False,검증 불가,,,,,
rec,004690,1,False,검증 불가,,,,,
rec,017390,1,False,검증 불가,,,,,
rec,034590,1,False,검증 불가,,,,,
rec,001120,1,False,검증 불가,,,,,
kau,015760,1,True,검증 불가,0,,,,
kau,036460,1,False,검증 불가,0,,,,
kau,071320,1,True,검증 불가,0,,,,
kau,018670,1,False,검증 불가,0,,,,
kau,017940,1,False,검증 불가,0,,,,
kau,005090,1,True,검증 불가,0,,,,
kau,047050,1,False,검증 불가,0,,,,
kau,004690,1,False,검증 불가,0,,,,
kau,017390,1,False,검증 불가,0,,,,
kau,034590,1,False,검증 불가,0,,,,
kau,001120,1,False,검증 불가,0,,,,
rec_monthly,015760,1,False,검증 불가,3,,,,
rec_monthly,036460,1,False,검증 불가,3,,,,
rec_monthly,071320,1,False,검증 불가,3,,,,
rec_monthly,018670,1,False,검증 불가,3,,,,
rec_monthly,017940,1,False,검증 불가,3,,,,
rec_monthly,005090,1,True,검증 불가,3,,,,
rec_monthly,047050,1,False,검증 불가,3,,,,
rec_monthly,004690,1,False,검증 불가,3,,,,
rec_monthly,017390,1,False,검증 불가,3,,,,
rec_monthly,034590,1,False,검증 불가,3,,,,
rec_monthly,001120,1,False,검증 불가,3,,,,
